Curah Hujan (mm),Debit Aliran Air (L/menit),Kemiringan Tanah (derajat),Klasifikasi Curah Hujan,Klasifikasi Debit Aliran,Klasifikasi Kemiringan Tanah,Kategori
16.915591613892417,43.53721760077524,73.03666235596948,Tinggi,Siaga,Tinggi,Berpotensi Banjir
21.740491624800164,5.6541402176460664,42.84755873714088,Tinggi,Aman,Sedang,Tidak Berpotensi Banjir
18.480137906077672,35.92870273071948,47.08403909928682,Tinggi,Siaga,Sedang,Berpotensi Banjir
16.80161230691001,51.07007541116816,22.54685277754607,Tinggi,Banjir,Rendah,Berpotensi Banjir
13.285989180828237,7.858403081565889,54.45387151294251,Tinggi,Aman,Sedang,Tidak Berpotensi Banjir
19.730929278933026,62.16889639654246,27.261432780285155,Tinggi,Banjir,Rendah,Berpotensi Banjir
13.690029126618082,38.805292081318754,51.95556130886838,Tinggi,Siaga,Sedang,Berpotensi Banjir
26.861417022680314,6.992968141171665,15.271030401666287,Tinggi,Aman,Sangat Rendah,Tidak Berpotensi Banjir
28.94622005452985,19.58688477485461,14.352218310704291,Tinggi,Waspada,Sangat Rendah,Tidak Berpotensi Banjir
12.119804045947554,66.98892026777534,37.53267670727942,Tinggi,Banjir,Rendah,Berpotensi Banjir
23.960026104397272,42.85078264838359,38.41375635994868,Tinggi,Siaga,Rendah,Berpotensi Banjir
16.33795267283423,11.985716904972296,24.129833842128516,Tinggi,Waspada,Rendah,Tidak Berpotensi Banjir
17.473292271724038,23.690392648236497,11.8437165330021,Tinggi,Waspada,Sangat Rendah,Tidak Berpotensi Banjir
27.84230251048717,34.68573568093147,3.528948529250735,Tinggi,Siaga,Sangat Rendah,Berpotensi Banjir
3.060045687738721,6.36175450240248,2.270864455903453,Rendah,Aman,Sangat Rendah,Tidak Berpotensi Banjir
3.5267496913446807,31.75500838489432,24.43952610058281,Rendah,Siaga,Rendah,Tidak Berpotensi Banjir
1.586333525769446,36.81481130325538,41.56680979457434,Rendah,Siaga,Sedang,Tidak Berpotensi Banjir
25.1459755208902,20.839061893280093,65.36189531755143,Tinggi,Waspada,Tinggi,Berpotensi Banjir
23.566545777545663,43.261535018979124,42.73845306426081,Tinggi,Siaga,Sedang,Berpotensi Banjir
26.230352299157754,53.960607773491496,81.36457374917536,Tinggi,Banjir,Sangat Tinggi,Berpotensi Banjir
29.379931924750156,20.32922456686631,3.169782411786637,Tinggi,Waspada,Sangat Rendah,Tidak Berpotensi Banjir
24.175598362284983,45.3324935181992,16.25945593865709,Tinggi,Siaga,Sangat Rendah,Berpotensi Banjir
14.382901505335024,46.5754457926432,30.46630434931284,Tinggi,Siaga,Rendah,Berpotensi Banjir
23.635346112307207,66.65511957337466,51.97465692586103,Tinggi,Banjir,Sedang,Berpotensi Banjir
4.429958350199064,55.58795087426885,76.74625421045482,Rendah,Banjir,Tinggi,Berpotensi Banjir
19.55770961849819,60.142442536350394,31.51817567609188,Tinggi,Banjir,Rendah,Berpotensi Banjir
5.1572453348623455,36.87729404835788,24.11898142539781,Sedang,Siaga,Rendah,Tidak Berpotensi Banjir
28.395398594437932,17.047658153659885,5.570025195860618,Tinggi,Waspada,Sangat Rendah,Tidak Berpotensi Banjir
16.13360133075208,69.72799404237628,73.91731299282937,Tinggi,Banjir,Tinggi,Berpotensi Banjir
13.025196259725185,13.408124467515474,34.169979888601105,Tinggi,Waspada,Rendah,Tidak Berpotensi Banjir
8.672112751034181,35.64472575802725,51.43951758752409,Sedang,Siaga,Sedang,Tidak Berpotensi Banjir
23.452776993592284,9.426051450736928,88.51998763540983,Tinggi,Aman,Sangat Tinggi,Berpotensi Banjir
14.228359634279908,66.35030572780326,0.14351135438651186,Tinggi,Banjir,Sangat Rendah,Berpotensi Banjir
17.484584517190807,67.72012115514858,13.090512662897938,Tinggi,Banjir,Sangat Rendah,Berpotensi Banjir
1.5449042126542991,51.760289030258285,70.119989461742,Rendah,Banjir,Tinggi,Berpotensi Banjir
18.911429415200434,27.74953483596098,72.46147366870541,Tinggi,Waspada,Tinggi,Berpotensi Banjir
18.75077595895022,21.53485607264558,69.23224071294798,Tinggi,Waspada,Tinggi,Berpotensi Banjir
18.891085909367952,22.24471609490808,48.329900193854634,Tinggi,Waspada,Sedang,Tidak Berpotensi Banjir
28.3686942769241,13.274111652304857,88.09712829207504,Tinggi,Waspada,Sangat Tinggi,Berpotensi Banjir
20.77278867400102,39.17758194998699,35.656610399578845,Tinggi,Siaga,Rendah,Berpotensi Banjir
11.425729116639793,14.218122920596038,54.17493283018011,Tinggi,Waspada,Sedang,Tidak Berpotensi Banjir
13.673926660180902,25.58749332597466,5.703210409396347,Tinggi,Waspada,Sangat Rendah,Tidak Berpotensi Banjir
21.23130468189068,45.73592093734182,36.887170491660484,Tinggi,Siaga,Rendah,Berpotensi Banjir
2.746538677248825,52.290334623398735,65.02500787589298,Rendah,Banjir,Tinggi,Berpotensi Banjir
20.33623474792436,6.577725800433979,21.486495669362935,Tinggi,Aman,Rendah,Tidak Berpotensi Banjir
20.448498218926623,32.957538984488096,84.94448301658336,Tinggi,Siaga,Sangat Tinggi,Berpotensi Banjir
7.1010942711413865,47.38809866473904,61.810503087896016,Sedang,Siaga,Tinggi,Berpotensi Banjir
4.738862631990746,60.46098845030333,25.881784457181432,Rendah,Banjir,Rendah,Tidak Berpotensi Banjir
10.147422176801332,35.89611084378536,69.20990304352708,Tinggi,Siaga,Tinggi,Berpotensi Banjir
11.547612357336055,67.99838166164955,7.484829462729819,Tinggi,Banjir,Sangat Rendah,Berpotensi Banjir
17.53570634211851,22.266115590194072,87.72969802594109,Tinggi,Waspada,Sangat Tinggi,Berpotensi Banjir
13.71944389040729,5.878065930736727,4.435673316620266,Tinggi,Aman,Sangat Rendah,Tidak Berpotensi Banjir
29.66284130371756,36.44393620561285,84.01103020338465,Tinggi,Siaga,Sangat Tinggi,Berpotensi Banjir
3.959299511692814,21.647396676301167,22.756848997343507,Rendah,Waspada,Rendah,Tidak Berpotensi Banjir
7.057425926750206,58.54164868150601,68.20416969218014,Sedang,Banjir,Tinggi,Berpotensi Banjir
5.677976018664891,20.130223691772287,0.006632948979548026,Sedang,Waspada,Sangat Rendah,Tidak Berpotensi Banjir
19.940141438496553,25.19089918893491,22.881608026163974,Tinggi,Waspada,Rendah,Tidak Berpotensi Banjir
8.34545647365368,56.4297830162423,67.41905459847479,Sedang,Banjir,Tinggi,Berpotensi Banjir
14.523012412832882,51.484311381648396,47.910246380759006,Tinggi,Banjir,Sedang,Berpotensi Banjir
8.08834216804648,41.273330382722065,10.345693467340338,Sedang,Siaga,Sangat Rendah,Tidak Berpotensi Banjir
5.610117925720072,50.821624024979364,35.42667712535477,Sedang,Banjir,Rendah,Tidak Berpotensi Banjir
4.200879093764849,32.21139613205172,33.799441957608835,Rendah,Siaga,Rendah,Tidak Berpotensi Banjir
20.03355809449293,5.345153094953407,51.13460197628549,Tinggi,Aman,Sedang,Tidak Berpotensi Banjir
5.007305589109801,5.738083353292517,60.1179365214196,Sedang,Aman,Tinggi,Tidak Berpotensi Banjir
6.700888488721551,38.229416192289634,75.67472181710251,Sedang,Siaga,Tinggi,Berpotensi Banjir
11.69302994916796,10.41391368173495,44.75082572796354,Tinggi,Waspada,Sedang,Tidak Berpotensi Banjir
24.80880366559012,8.31990621100169,35.28195455746531,Tinggi,Aman,Rendah,Tidak Berpotensi Banjir
3.8159369979987767,67.75858154393578,12.957888068584353,Rendah,Banjir,Sangat Rendah,Tidak Berpotensi Banjir
25.300402317465313,60.83517157777381,72.43406684907501,Tinggi,Banjir,Tinggi,Berpotensi Banjir
3.786853828924929,14.881769768622018,64.2033364873104,Rendah,Waspada,Tinggi,Tidak Berpotensi Banjir
29.317324485388475,5.0431742083632916,36.78096577092168,Tinggi,Aman,Rendah,Tidak Berpotensi Banjir
14.590884847783347,66.20840670033417,46.65890789484025,Tinggi,Banjir,Sedang,Berpotensi Banjir
29.32607155751978,23.091144390807433,59.86645599706999,Tinggi,Waspada,Sedang,Tidak Berpotensi Banjir
18.540520072606334,17.083344185607338,14.8325030862784,Tinggi,Waspada,Sangat Rendah,Tidak Berpotensi Banjir
22.43864380255075,49.948027009049795,2.4478014967128225,Tinggi,Siaga,Sangat Rendah,Berpotensi Banjir
2.1364459753753,12.078743024686204,28.57533292680169,Rendah,Waspada,Rendah,Tidak Berpotensi Banjir
9.201401914715877,22.20222387018202,53.60265176725468,Sedang,Waspada,Sedang,Tidak Berpotensi Banjir
4.485700275181898,68.38115421378302,43.79454821533128,Rendah,Banjir,Sedang,Tidak Berpotensi Banjir
9.588065728142203,46.56508034081067,62.32991641768144,Sedang,Siaga,Tinggi,Berpotensi Banjir
4.4431038496730775,38.84405644636598,73.77208250170817,Rendah,Siaga,Tinggi,Berpotensi Banjir
10.221512202425306,30.864709964270954,43.95982200572483,Tinggi,Siaga,Sedang,Berpotensi Banjir
13.01362684092543,55.34256206747313,12.084032134604236,Tinggi,Banjir,Sangat Rendah,Berpotensi Banjir
2.8602773941147466,14.162235974040092,76.55651998190693,Rendah,Waspada,Tinggi,Tidak Berpotensi Banjir
21.081691461730575,67.87695713240385,51.749129454670296,Tinggi,Banjir,Sedang,Berpotensi Banjir
17.43144217199068,60.972995524276136,66.59437327045836,Tinggi,Banjir,Tinggi,Berpotensi Banjir
8.696295237243916,45.147703867000814,63.41981882474624,Sedang,Siaga,Tinggi,Berpotensi Banjir
16.17419355053429,7.788902376166281,87.13905941981176,Tinggi,Aman,Sangat Tinggi,Berpotensi Banjir
3.7242748119948086,50.55561721410295,26.577659010223254,Rendah,Banjir,Rendah,Tidak Berpotensi Banjir
17.7024483711292,64.36348215755626,63.47760955013358,Tinggi,Banjir,Tinggi,Berpotensi Banjir
27.94958972971021,39.09750938611069,32.910869981332645,Tinggi,Siaga,Rendah,Berpotensi Banjir
10.238499621088387,28.02461341877208,35.586964882677755,Tinggi,Waspada,Rendah,Tidak Berpotensi Banjir
20.35490101894677,12.818027423665526,20.753517299284933,Tinggi,Waspada,Rendah,Tidak Berpotensi Banjir
4.822138009727373,54.068571768941936,30.96091580857685,Rendah,Banjir,Rendah,Tidak Berpotensi Banjir
21.7734889194384,62.5264203287674,85.34670764924368,Tinggi,Banjir,Sangat Tinggi,Berpotensi Banjir
9.392776695468832,11.516363364930157,26.331376225284085,Sedang,Waspada,Rendah,Tidak Berpotensi Banjir
6.312549498206388,54.33399605890223,22.139154536092807,Sedang,Banjir,Rendah,Tidak Berpotensi Banjir
18.00887510949241,6.108931606841338,52.48241806264398,Tinggi,Aman,Sedang,Tidak Berpotensi Banjir
1.583118839437313,67.85856967501927,23.223236106757916,Rendah,Banjir,Rendah,Tidak Berpotensi Banjir
25.03926084730353,44.97877134128125,42.60471530348655,Tinggi,Siaga,Sedang,Berpotensi Banjir
1.136168809583865,40.90853883445615,75.07586309006132,Rendah,Siaga,Tinggi,Berpotensi Banjir
20.656679567090674,24.236739183280307,20.7360282876458,Tinggi,Waspada,Rendah,Tidak Berpotensi Banjir
8.830231222572781,65.40395865203593,38.40222709655281,Sedang,Banjir,Rendah,Tidak Berpotensi Banjir
22.32062664155525,22.283865776891417,54.94407615180287,Tinggi,Waspada,Sedang,Tidak Berpotensi Banjir
28.903467808405708,58.82952985908517,49.10660321161369,Tinggi,Banjir,Sedang,Berpotensi Banjir
8.213841162078783,69.03206415691358,87.72509136737135,Sedang,Banjir,Sangat Tinggi,Berpotensi Banjir
17.70856269811727,55.92078195846238,61.233322895567554,Tinggi,Banjir,Tinggi,Berpotensi Banjir
18.16921600688333,38.734344825118065,66.59516178435959,Tinggi,Siaga,Tinggi,Berpotensi Banjir
17.595305267935327,9.294827150358675,87.02603531700599,Tinggi,Aman,Sangat Tinggi,Berpotensi Banjir
7.469367346577931,35.70689629611975,37.29942227056689,Sedang,Siaga,Rendah,Tidak Berpotensi Banjir
28.629721333992563,33.486636553160736,31.984183355494608,Tinggi,Siaga,Rendah,Berpotensi Banjir
13.966635979911194,18.181742677154688,3.9476186789744294,Tinggi,Waspada,Sangat Rendah,Tidak Berpotensi Banjir
25.545851501662707,32.53319638642979,16.578387586694443,Tinggi,Siaga,Sangat Rendah,Berpotensi Banjir
21.284898984207626,28.254262465222016,21.34706688465083,Tinggi,Waspada,Rendah,Tidak Berpotensi Banjir
9.625671574798876,15.63947697485715,16.515402036420465,Sedang,Waspada,Sangat Rendah,Tidak Berpotensi Banjir
24.60013677137184,33.6893193166116,67.9305503876908,Tinggi,Siaga,Tinggi,Berpotensi Banjir
12.498666484562555,22.08199716109179,48.22946831485005,Tinggi,Waspada,Sedang,Tidak Berpotensi Banjir
26.551992716223687,38.93405734434719,60.08704213126206,Tinggi,Siaga,Tinggi,Berpotensi Banjir
17.856913306439903,7.285403881552622,73.84159447554363,Tinggi,Aman,Tinggi,Berpotensi Banjir
26.57032549379073,63.90504228617347,20.76965471573052,Tinggi,Banjir,Rendah,Berpotensi Banjir
21.08341611225521,58.06367985879064,29.333154583934924,Tinggi,Banjir,Rendah,Berpotensi Banjir
22.032374114769574,40.9177866131828,63.752424033293714,Tinggi,Siaga,Tinggi,Berpotensi Banjir
15.538407075874366,60.367557879220804,35.348305131402554,Tinggi,Banjir,Rendah,Berpotensi Banjir
28.726425406973494,67.55567979770203,2.6343846090939724,Tinggi,Banjir,Sangat Rendah,Berpotensi Banjir
19.675715777659484,12.183949113422937,39.14596971241902,Tinggi,Waspada,Rendah,Tidak Berpotensi Banjir
13.29179640818721,46.004067546637245,81.74457777738728,Tinggi,Siaga,Sangat Tinggi,Berpotensi Banjir
18.585403209709806,69.8696100608178,36.81193604335872,Tinggi,Banjir,Rendah,Berpotensi Banjir
1.5566027509706721,69.2127960066792,29.902402479847233,Rendah,Banjir,Rendah,Tidak Berpotensi Banjir
9.74566968356193,44.2159944988984,89.05725746505244,Sedang,Siaga,Sangat Tinggi,Berpotensi Banjir
20.145032587287865,13.321356579303083,57.99740078133119,Tinggi,Waspada,Sedang,Tidak Berpotensi Banjir
9.412250609102879,42.90753401438433,32.93982238240628,Sedang,Siaga,Rendah,Tidak Berpotensi Banjir
18.922447440966405,5.134201312337411,9.181757822742663,Tinggi,Aman,Sangat Rendah,Tidak Berpotensi Banjir
13.434292327427219,17.929236753345876,70.9064500451779,Tinggi,Waspada,Tinggi,Berpotensi Banjir
4.928747862451057,67.1480053713974,63.726744013898184,Rendah,Banjir,Tinggi,Berpotensi Banjir
9.650187452724893,26.47863721918485,82.97242193237085,Sedang,Waspada,Sangat Tinggi,Berpotensi Banjir
17.52898241033668,46.495356875501656,19.55480670252075,Tinggi,Siaga,Sangat Rendah,Berpotensi Banjir
18.135310076197023,23.255867151095774,10.343191498940879,Tinggi,Waspada,Sangat Rendah,Tidak Berpotensi Banjir
17.655432216637784,66.60842266225332,65.16652737681572,Tinggi,Banjir,Tinggi,Berpotensi Banjir
19.942823775856876,52.35631744671664,18.305625779882607,Tinggi,Banjir,Sangat Rendah,Berpotensi Banjir
19.910994830048978,26.42732524279182,15.84934540105465,Tinggi,Waspada,Sangat Rendah,Tidak Berpotensi Banjir
13.511134627585244,56.4644923767241,28.78266018564649,Tinggi,Banjir,Rendah,Berpotensi Banjir
26.999851279680826,12.030759090961947,73.51426273305938,Tinggi,Waspada,Tinggi,Berpotensi Banjir
11.659294231389,30.50073110425486,48.558294459866765,Tinggi,Siaga,Sedang,Berpotensi Banjir
13.640082832703177,19.379178302553502,4.126531959205288,Tinggi,Waspada,Sangat Rendah,Tidak Berpotensi Banjir
26.865777295454492,49.442219072943004,41.75052071933855,Tinggi,Siaga,Sedang,Berpotensi Banjir
24.379625682336485,11.659008315175475,61.55816502298277,Tinggi,Waspada,Tinggi,Berpotensi Banjir
21.412768922670622,30.806679098373813,48.45315946221142,Tinggi,Siaga,Sedang,Berpotensi Banjir
3.9065797320567324,22.982232463597324,51.520519634090036,Rendah,Waspada,Sedang,Tidak Berpotensi Banjir
27.664995798595534,37.91228975604727,20.229959555339818,Tinggi,Siaga,Rendah,Berpotensi Banjir
21.712997686924233,27.74334923275213,76.29653984358133,Tinggi,Waspada,Tinggi,Berpotensi Banjir
29.96656319046813,50.91668754835571,50.525884583201176,Tinggi,Banjir,Sedang,Berpotensi Banjir
5.334000835081818,6.597506579952794,64.19214117366089,Sedang,Aman,Tinggi,Tidak Berpotensi Banjir
26.175655663678214,46.209149884883985,88.36777953119723,Tinggi,Siaga,Sangat Tinggi,Berpotensi Banjir
5.71229510561487,19.9871338300983,38.53787919070789,Sedang,Waspada,Rendah,Tidak Berpotensi Banjir
18.85122736423148,22.466086869195205,79.29599514088576,Tinggi,Waspada,Tinggi,Berpotensi Banjir
4.590779502633804,57.01661423292903,0.6552912547012513,Rendah,Banjir,Sangat Rendah,Tidak Berpotensi Banjir
25.592238650344797,67.11194560872735,3.006656335360809,Tinggi,Banjir,Sangat Rendah,Berpotensi Banjir
24.41224980302531,25.575763651760628,53.125192955593526,Tinggi,Waspada,Sedang,Tidak Berpotensi Banjir
17.503921419823207,58.74234257398992,28.030445598798057,Tinggi,Banjir,Rendah,Berpotensi Banjir
12.80831561955399,11.759404468130151,22.344891031773024,Tinggi,Waspada,Rendah,Tidak Berpotensi Banjir
3.0058428681990033,46.208807445479906,25.01418214880627,Rendah,Siaga,Rendah,Tidak Berpotensi Banjir
21.225434421192347,53.81709946976972,28.65626411495288,Tinggi,Banjir,Rendah,Berpotensi Banjir
14.152737797663997,15.138565322239675,65.60529265290806,Tinggi,Waspada,Tinggi,Berpotensi Banjir
21.93961238464009,32.69015519852144,51.22763750078501,Tinggi,Siaga,Sedang,Berpotensi Banjir
26.125087451930245,63.0259656761838,71.01323753034,Tinggi,Banjir,Tinggi,Berpotensi Banjir
29.29012364508369,11.732600124144192,74.71769218515468,Tinggi,Waspada,Tinggi,Berpotensi Banjir
25.81829692938572,6.176263283095885,75.8641373371154,Tinggi,Aman,Tinggi,Berpotensi Banjir
1.3397084413650573,43.388049638115696,37.31797342573988,Rendah,Siaga,Rendah,Tidak Berpotensi Banjir
11.439363869872553,33.30955013451067,37.91460566847697,Tinggi,Siaga,Rendah,Berpotensi Banjir
22.169726310297683,56.914801177453676,83.36392921265256,Tinggi,Banjir,Sangat Tinggi,Berpotensi Banjir
5.977260640581775,65.02460998326694,59.558723514396945,Sedang,Banjir,Sedang,Berpotensi Banjir
16.11006157991975,24.444986895348045,7.242046558122489,Tinggi,Waspada,Sangat Rendah,Tidak Berpotensi Banjir
2.575801661838355,30.246267615991844,48.796825868322145,Rendah,Siaga,Sedang,Tidak Berpotensi Banjir
6.799899221995602,36.607685611405465,32.04065336714163,Sedang,Siaga,Rendah,Tidak Berpotensi Banjir
1.5371320393578052,43.229844928294455,88.86914907447269,Rendah,Siaga,Sangat Tinggi,Berpotensi Banjir
24.0172333973652,68.95049892930508,1.2289865816063317,Tinggi,Banjir,Sangat Rendah,Berpotensi Banjir
7.493815953751024,50.326466303953346,55.09627857635022,Sedang,Banjir,Sedang,Berpotensi Banjir
11.015198740210177,30.32065297746197,65.12607849589723,Tinggi,Siaga,Tinggi,Berpotensi Banjir
27.914357510502136,22.144899619280036,26.00160942216197,Tinggi,Waspada,Rendah,Tidak Berpotensi Banjir
21.42801765578245,66.40067169743807,87.62773664308789,Tinggi,Banjir,Sangat Tinggi,Berpotensi Banjir
1.9233289564079277,13.810648152052917,77.35829643195402,Rendah,Waspada,Tinggi,Tidak Berpotensi Banjir
5.776130538439469,51.817280412809275,82.40875568872312,Sedang,Banjir,Sangat Tinggi,Berpotensi Banjir
19.022873643493142,65.15067664400864,1.7308853416393633,Tinggi,Banjir,Sangat Rendah,Berpotensi Banjir
17.73962906952086,48.20326312473851,51.28849361833281,Tinggi,Siaga,Sedang,Berpotensi Banjir
7.89889181986075,32.49853861079788,26.518521775909203,Sedang,Siaga,Rendah,Tidak Berpotensi Banjir
28.09220593981902,17.93441109515646,76.41257714420966,Tinggi,Waspada,Tinggi,Berpotensi Banjir
18.805012723010982,28.88589594637527,56.95646912234662,Tinggi,Waspada,Sedang,Tidak Berpotensi Banjir
16.53335128772379,50.946667612307934,48.49893038889988,Tinggi,Banjir,Sedang,Berpotensi Banjir
18.107389314282557,47.219724571394295,10.312935270804513,Tinggi,Siaga,Sangat Rendah,Berpotensi Banjir
22.17353885598632,65.31845082889326,48.62005243075717,Tinggi,Banjir,Sedang,Berpotensi Banjir
10.046404868908454,61.34595938785937,56.8713731720784,Tinggi,Banjir,Sedang,Berpotensi Banjir
12.548410804266664,58.04979889731394,86.0321078379184,Tinggi,Banjir,Sangat Tinggi,Berpotensi Banjir
7.085468720278542,64.24430689779955,52.65459093814826,Sedang,Banjir,Sedang,Berpotensi Banjir
6.3995971705297485,22.96191492790821,87.0660541571089,Sedang,Waspada,Sangat Tinggi,Berpotensi Banjir
28.386799309534073,29.019030109077217,86.54455040459959,Tinggi,Waspada,Sangat Tinggi,Berpotensi Banjir
22.44697305642934,29.69310374609113,58.51803022502377,Tinggi,Waspada,Sedang,Tidak Berpotensi Banjir
15.223305449909445,41.429288266135714,45.53171857062798,Tinggi,Siaga,Sedang,Berpotensi Banjir
7.595024211226374,48.43418492028012,41.94195694434444,Sedang,Siaga,Sedang,Tidak Berpotensi Banjir
8.376337971341396,23.636584397625633,80.13407050042044,Sedang,Waspada,Sangat Tinggi,Berpotensi Banjir
2.6828456493923927,6.265060375104523,2.5431014674581087,Rendah,Aman,Sangat Rendah,Tidak Berpotensi Banjir
13.598082141185502,30.949454937764106,10.242737822121441,Tinggi,Siaga,Sangat Rendah,Berpotensi Banjir
10.042080577828974,25.05431737103603,9.186455620723667,Tinggi,Waspada,Sangat Rendah,Tidak Berpotensi Banjir
21.193961175648326,66.24200673617311,68.12417926089493,Tinggi,Banjir,Tinggi,Berpotensi Banjir
11.954803339481947,62.73722763536283,30.56859214672813,Tinggi,Banjir,Rendah,Berpotensi Banjir
6.20850664922941,60.92019409232227,57.41716902666309,Sedang,Banjir,Sedang,Berpotensi Banjir
1.7156831233486056,47.4449844614408,54.3404613458309,Rendah,Siaga,Sedang,Tidak Berpotensi Banjir
2.950239312434209,27.378795705431028,34.72451727682785,Rendah,Waspada,Rendah,Tidak Berpotensi Banjir
20.70239043145845,40.67520238095481,47.84109500181587,Tinggi,Siaga,Sedang,Berpotensi Banjir
14.157208492125314,57.98962764656422,58.062468021449405,Tinggi,Banjir,Sedang,Berpotensi Banjir
16.560797122152945,11.409673966982718,84.68552968903245,Tinggi,Waspada,Sangat Tinggi,Berpotensi Banjir
27.003467498169922,57.06986721659481,51.807066557488334,Tinggi,Banjir,Sedang,Berpotensi Banjir
29.719829474504426,7.676686436327908,55.293076059148284,Tinggi,Aman,Sedang,Tidak Berpotensi Banjir
7.290012547555744,58.06736702893312,6.107023593339792,Sedang,Banjir,Sangat Rendah,Tidak Berpotensi Banjir
20.22926788990292,57.49164727039178,85.69942332841008,Tinggi,Banjir,Sangat Tinggi,Berpotensi Banjir
8.63634892537737,8.315475073869127,47.527373511844765,Sedang,Aman,Sedang,Tidak Berpotensi Banjir
1.5988789845061318,45.76544624502078,72.11460778739297,Rendah,Siaga,Tinggi,Berpotensi Banjir
22.9929809612481,37.65944983033832,4.5261956832650165,Tinggi,Siaga,Sangat Rendah,Berpotensi Banjir
10.280497373851567,16.038267706161456,37.88191221633819,Tinggi,Waspada,Rendah,Tidak Berpotensi Banjir
12.12045293098504,14.644630949029416,23.127791323743143,Tinggi,Waspada,Rendah,Tidak Berpotensi Banjir
18.061196293054564,55.26184319435651,24.027830881973095,Tinggi,Banjir,Rendah,Berpotensi Banjir
25.100405201849522,41.90002867439486,71.23083569648365,Tinggi,Siaga,Tinggi,Berpotensi Banjir
19.240473464143314,68.89494376957461,56.14800527419682,Tinggi,Banjir,Sedang,Berpotensi Banjir
26.306869007974463,68.84610552374237,39.57707806585633,Tinggi,Banjir,Rendah,Berpotensi Banjir
8.932719009653438,69.52335457517731,0.9527165627754075,Sedang,Banjir,Sangat Rendah,Tidak Berpotensi Banjir
24.143358183464347,12.710008693774782,86.84351486509769,Tinggi,Waspada,Sangat Tinggi,Berpotensi Banjir
6.383442384872614,65.98664890265755,86.58209280201514,Sedang,Banjir,Sangat Tinggi,Berpotensi Banjir
28.630958052186394,20.89702458633658,19.579698925203463,Tinggi,Waspada,Sangat Rendah,Tidak Berpotensi Banjir
20.937160015246643,34.78379688430978,3.721173508490102,Tinggi,Siaga,Sangat Rendah,Berpotensi Banjir
7.249722636293195,54.23142612841218,47.7179426710712,Sedang,Banjir,Sedang,Berpotensi Banjir
28.473747124178804,18.23536058502008,85.62697331547668,Tinggi,Waspada,Sangat Tinggi,Berpotensi Banjir
22.194818396334576,41.81025436103145,81.93562611884414,Tinggi,Siaga,Sangat Tinggi,Berpotensi Banjir
8.364307635255749,17.07808863468972,52.61965775004569,Sedang,Waspada,Sedang,Tidak Berpotensi Banjir
7.186047343656977,11.807846934284065,27.319396558833645,Sedang,Waspada,Rendah,Tidak Berpotensi Banjir
16.027820703989235,12.576309807923904,29.69647953922764,Tinggi,Waspada,Rendah,Tidak Berpotensi Banjir
1.7442188235814156,28.246537265134222,80.81221963374249,Rendah,Waspada,Sangat Tinggi,Tidak Berpotensi Banjir
7.0166321877921725,5.302564394416926,44.260563207201926,Sedang,Aman,Sedang,Tidak Berpotensi Banjir
13.31587859379368,32.61550487810982,11.800460607043103,Tinggi,Siaga,Sangat Rendah,Berpotensi Banjir
11.850929429692542,48.17281183027469,22.35829283762466,Tinggi,Siaga,Rendah,Berpotensi Banjir
14.44368730657951,31.109732025259266,24.911541132074916,Tinggi,Siaga,Rendah,Berpotensi Banjir
9.051232482547226,10.576649033789282,11.119201643871842,Sedang,Waspada,Sangat Rendah,Tidak Berpotensi Banjir
18.016746047286894,9.074776031536636,41.67399433691622,Tinggi,Aman,Sedang,Tidak Berpotensi Banjir
26.05181257177371,23.07757332971601,82.44458174474919,Tinggi,Waspada,Sangat Tinggi,Berpotensi Banjir
4.40842382289896,16.005324885334048,60.19042886930348,Rendah,Waspada,Tinggi,Tidak Berpotensi Banjir
16.00399410746931,67.73117325916802,6.522653182397051,Tinggi,Banjir,Sangat Rendah,Berpotensi Banjir
4.829975084009446,14.829964623315526,0.494533602824645,Rendah,Waspada,Sangat Rendah,Tidak Berpotensi Banjir
21.788930754585216,57.35505843132478,24.86229007223289,Tinggi,Banjir,Rendah,Berpotensi Banjir
12.485731381411519,43.09701621317441,32.642364131454634,Tinggi,Siaga,Rendah,Berpotensi Banjir
17.39721804389676,42.00364979897913,69.90747021420982,Tinggi,Siaga,Tinggi,Berpotensi Banjir
6.3151152502082795,38.285246535046,87.030497153733,Sedang,Siaga,Sangat Tinggi,Berpotensi Banjir
5.20058502095794,68.16459994740683,34.881045608118924,Sedang,Banjir,Rendah,Tidak Berpotensi Banjir
15.153632138819683,28.64991038095646,61.802102683517504,Tinggi,Waspada,Tinggi,Berpotensi Banjir
11.312769397648713,56.21452381200196,89.5411716617667,Tinggi,Banjir,Sangat Tinggi,Berpotensi Banjir
28.27252641233158,41.09411698535237,67.1099925487513,Tinggi,Siaga,Tinggi,Berpotensi Banjir
23.194432360401994,30.7161883956722,57.257059417726005,Tinggi,Siaga,Sedang,Berpotensi Banjir
22.71124497566587,67.10528566487577,7.026736876047385,Tinggi,Banjir,Sangat Rendah,Berpotensi Banjir
27.20787245263207,43.89053800870466,29.089368107525722,Tinggi,Siaga,Rendah,Berpotensi Banjir
3.419250627818538,12.729601239490881,82.20529426114412,Rendah,Waspada,Sangat Tinggi,Tidak Berpotensi Banjir
17.01358162774979,32.14004806479568,18.090493351281513,Tinggi,Siaga,Sangat Rendah,Berpotensi Banjir
17.9498059997173,55.80281229930449,75.92313233458873,Tinggi,Banjir,Tinggi,Berpotensi Banjir
28.896154977869642,50.09355651054889,62.669131657245494,Tinggi,Banjir,Tinggi,Berpotensi Banjir
9.472278276983916,64.56212143937732,32.96919337476792,Sedang,Banjir,Rendah,Tidak Berpotensi Banjir
7.984034617547958,21.859529969198814,47.62568427413909,Sedang,Waspada,Sedang,Tidak Berpotensi Banjir
3.9085243256994366,54.28259156299855,48.85258218775322,Rendah,Banjir,Sedang,Tidak Berpotensi Banjir
1.4764592581527518,34.89188848064386,64.26484065664977,Rendah,Siaga,Tinggi,Berpotensi Banjir
27.956350186973527,42.284633552843005,46.49003469892765,Tinggi,Siaga,Sedang,Berpotensi Banjir
20.427579851136393,67.07803426540839,11.976839116574965,Tinggi,Banjir,Sangat Rendah,Berpotensi Banjir
23.769434448670996,68.65361079929653,69.61092043697214,Tinggi,Banjir,Tinggi,Berpotensi Banjir
9.170173066864523,61.00341265516163,36.56452472155069,Sedang,Banjir,Rendah,Tidak Berpotensi Banjir
18.005894819403473,28.341310702469258,86.67845011907346,Tinggi,Waspada,Sangat Tinggi,Berpotensi Banjir
2.8547027175084527,62.70055432227579,25.516240406373093,Rendah,Banjir,Rendah,Tidak Berpotensi Banjir
15.083200282104064,46.509596546691846,23.677090226692613,Tinggi,Siaga,Rendah,Berpotensi Banjir
29.347359052588956,32.94979073059635,30.015665610766437,Tinggi,Siaga,Rendah,Berpotensi Banjir
26.418652114181132,7.323274362531443,51.50853143627629,Tinggi,Aman,Sedang,Tidak Berpotensi Banjir
10.806609603268523,55.05832807245284,80.5382766180884,Tinggi,Banjir,Sangat Tinggi,Berpotensi Banjir
28.885534481703456,37.63686274706735,15.865347612601331,Tinggi,Siaga,Sangat Rendah,Berpotensi Banjir
7.719347167664931,56.10225246522895,25.171091783929818,Sedang,Banjir,Rendah,Tidak Berpotensi Banjir
28.53024585005476,53.62148195731254,52.351185883307565,Tinggi,Banjir,Sedang,Berpotensi Banjir
28.299953436488458,56.581878923142874,40.89008179453636,Tinggi,Banjir,Sedang,Berpotensi Banjir
24.17687503321936,24.542325315289844,40.25905985301528,Tinggi,Waspada,Sedang,Tidak Berpotensi Banjir
19.282990169136944,57.051908939396014,73.86608358867659,Tinggi,Banjir,Tinggi,Berpotensi Banjir
26.354351032123464,40.67501135030088,83.1490472260225,Tinggi,Siaga,Sangat Tinggi,Berpotensi Banjir
9.497588250726105,35.76620302919431,43.317626946289366,Sedang,Siaga,Sedang,Tidak Berpotensi Banjir
25.61936310407463,48.8831843983492,61.86166159025464,Tinggi,Siaga,Tinggi,Berpotensi Banjir
18.91842406560819,6.38831439099264,72.09528399246545,Tinggi,Aman,Tinggi,Berpotensi Banjir
1.3838688750080852,11.650593032693624,46.65297693484475,Rendah,Waspada,Sedang,Tidak Berpotensi Banjir
11.069772020034367,23.99152873588893,26.488476805836182,Tinggi,Waspada,Rendah,Tidak Berpotensi Banjir
5.296084967496786,68.89435714725957,57.42761379500554,Sedang,Banjir,Sedang,Berpotensi Banjir
29.473052304729343,14.083475626222073,52.65981902754533,Tinggi,Waspada,Sedang,Tidak Berpotensi Banjir
14.872738904159654,26.48875954934867,81.14065377656493,Tinggi,Waspada,Sangat Tinggi,Berpotensi Banjir
15.424349599461218,8.318449204975035,4.716633309287043,Tinggi,Aman,Sangat Rendah,Tidak Berpotensi Banjir
19.544702975562984,26.532477219027207,81.91182484201201,Tinggi,Waspada,Sangat Tinggi,Berpotensi Banjir
11.688953577758909,25.821208623204054,48.098882534882364,Tinggi,Waspada,Sedang,Tidak Berpotensi Banjir
4.970107878882369,66.54246611139394,1.4108504444922532,Rendah,Banjir,Sangat Rendah,Tidak Berpotensi Banjir
24.84141426263312,59.93501565472182,31.023196089100928,Tinggi,Banjir,Rendah,Berpotensi Banjir
6.5055894451799805,29.87967425078015,65.19002074877878,Sedang,Waspada,Tinggi,Berpotensi Banjir
15.828250493847225,6.609988772551164,43.95897791422497,Tinggi,Aman,Sedang,Tidak Berpotensi Banjir
7.505193840267439,59.017022409699585,88.21431336968932,Sedang,Banjir,Sangat Tinggi,Berpotensi Banjir
3.8374900503269873,47.93485151439511,38.03490664479437,Rendah,Siaga,Rendah,Tidak Berpotensi Banjir
26.003554005228818,14.903691437335132,29.3971706663407,Tinggi,Waspada,Rendah,Tidak Berpotensi Banjir
29.214665181670778,69.74463261566217,73.95047409866113,Tinggi,Banjir,Tinggi,Berpotensi Banjir
28.864205083827006,11.515173432567998,49.31160294222283,Tinggi,Waspada,Sedang,Tidak Berpotensi Banjir
27.29010947741419,61.36244520358809,61.4093921156303,Tinggi,Banjir,Tinggi,Berpotensi Banjir
23.447372648260526,24.127300668429783,72.51321042348097,Tinggi,Waspada,Tinggi,Berpotensi Banjir
10.661209408830615,33.297975311135204,60.42847915130582,Tinggi,Siaga,Tinggi,Berpotensi Banjir
3.3519403096519063,56.70467424046045,38.01667452917981,Rendah,Banjir,Rendah,Tidak Berpotensi Banjir
12.809993971000413,49.038043139610664,11.23168031048706,Tinggi,Siaga,Sangat Rendah,Berpotensi Banjir
7.73479012295734,65.96118433886255,52.22233499141705,Sedang,Banjir,Sedang,Berpotensi Banjir
4.842141407981506,45.37412115492491,80.76899940563337,Rendah,Siaga,Sangat Tinggi,Berpotensi Banjir
2.5493882718179326,11.357660496138429,37.700318386657344,Rendah,Waspada,Rendah,Tidak Berpotensi Banjir
22.042236562106783,62.483423610726774,81.96527113585564,Tinggi,Banjir,Sangat Tinggi,Berpotensi Banjir
1.3313963001259,54.99510912425842,45.31750378041618,Rendah,Banjir,Sedang,Tidak Berpotensi Banjir
23.346841706580513,51.27157930806593,55.87574061982289,Tinggi,Banjir,Sedang,Berpotensi Banjir
5.261452716610877,8.492680577992799,74.96896284500785,Sedang,Aman,Tinggi,Tidak Berpotensi Banjir
3.306140395015917,30.754478403013362,50.813739867664935,Rendah,Siaga,Sedang,Tidak Berpotensi Banjir
3.598487992919556,15.88332826487005,8.187240536600715,Rendah,Waspada,Sangat Rendah,Tidak Berpotensi Banjir
20.489386413263517,58.42375404651148,88.28814607203556,Tinggi,Banjir,Sangat Tinggi,Berpotensi Banjir
8.115649085732498,50.53436048316108,22.126437172155036,Sedang,Banjir,Rendah,Tidak Berpotensi Banjir
13.195644533722856,62.40004382574379,63.94547957671787,Tinggi,Banjir,Tinggi,Berpotensi Banjir
17.16369494839359,67.82738195007065,45.460209475596486,Tinggi,Banjir,Sedang,Berpotensi Banjir
25.95598404103502,55.35859492251241,43.08953731359373,Tinggi,Banjir,Sedang,Berpotensi Banjir
22.08428361862852,69.62515040934953,21.95467369802023,Tinggi,Banjir,Rendah,Berpotensi Banjir
8.839509251922724,44.96004259937943,64.99356891300937,Sedang,Siaga,Tinggi,Berpotensi Banjir
4.813001179442701,7.4134242529441075,10.150943834788853,Rendah,Aman,Sangat Rendah,Tidak Berpotensi Banjir
2.6058552922147404,5.926348484769232,89.14079784253367,Rendah,Aman,Sangat Tinggi,Tidak Berpotensi Banjir
9.746360399947331,27.236751888246268,76.08361833964835,Sedang,Waspada,Tinggi,Berpotensi Banjir
8.60142632795067,58.52566173938991,48.10580460052129,Sedang,Banjir,Sedang,Berpotensi Banjir
14.22807643721391,61.29875591110751,38.20976604522085,Tinggi,Banjir,Rendah,Berpotensi Banjir
20.815158730882732,67.45281437347407,25.78181692138809,Tinggi,Banjir,Rendah,Berpotensi Banjir
21.17313792352686,9.232895455673196,45.143232384669076,Tinggi,Aman,Sedang,Tidak Berpotensi Banjir
9.222046550882833,7.897122214198165,79.14757158217512,Sedang,Aman,Tinggi,Tidak Berpotensi Banjir
12.017881721103494,64.36343376385719,24.750576063061523,Tinggi,Banjir,Rendah,Berpotensi Banjir
6.253377890370188,24.828035393586003,45.04837129228223,Sedang,Waspada,Sedang,Tidak Berpotensi Banjir
23.867819856889042,41.269181039626126,21.109491186032777,Tinggi,Siaga,Rendah,Berpotensi Banjir
2.6485942165639687,68.85891739504615,30.343420229845634,Rendah,Banjir,Rendah,Tidak Berpotensi Banjir
21.212920010024632,31.029154757835016,17.123445803099923,Tinggi,Siaga,Sangat Rendah,Berpotensi Banjir
23.582166482292,48.28164089013959,89.1485274529069,Tinggi,Siaga,Sangat Tinggi,Berpotensi Banjir
23.54481929361384,31.057171636079044,51.434770181621005,Tinggi,Siaga,Sedang,Berpotensi Banjir
8.523254366015294,54.932653190080686,65.95336116330259,Sedang,Banjir,Tinggi,Berpotensi Banjir
11.840581000044281,39.301457162236275,8.842492210683304,Tinggi,Siaga,Sangat Rendah,Berpotensi Banjir
18.04038942069528,20.439003969112733,32.95057950668842,Tinggi,Waspada,Rendah,Tidak Berpotensi Banjir
8.911835170309544,22.634896581800305,80.33758227425893,Sedang,Waspada,Sangat Tinggi,Berpotensi Banjir
11.754731177318773,21.77384881499647,7.59944937815531,Tinggi,Waspada,Sangat Rendah,Tidak Berpotensi Banjir
6.71457412538355,39.600821336806455,14.893490550565184,Sedang,Siaga,Sangat Rendah,Tidak Berpotensi Banjir
14.335820628924214,50.70728604101818,56.287584931605174,Tinggi,Banjir,Sedang,Berpotensi Banjir
2.2937567363693083,66.70319350280424,56.05100946938027,Rendah,Banjir,Sedang,Tidak Berpotensi Banjir
24.19408065254792,50.11567938039369,75.44043400085366,Tinggi,Banjir,Tinggi,Berpotensi Banjir
3.231736962612349,55.777534857555395,84.19434874842793,Rendah,Banjir,Sangat Tinggi,Berpotensi Banjir
16.046219316114254,15.980197531196765,12.77878278827374,Tinggi,Waspada,Sangat Rendah,Tidak Berpotensi Banjir
9.897492886810687,29.31407062547617,23.34364366742995,Sedang,Waspada,Rendah,Tidak Berpotensi Banjir
17.74874551610989,31.895714290787296,38.47152651239303,Tinggi,Siaga,Rendah,Berpotensi Banjir
28.823566884169328,49.614714950030745,0.08129569691246674,Tinggi,Siaga,Sangat Rendah,Berpotensi Banjir
19.72153708922411,24.23297846449678,6.283287266372543,Tinggi,Waspada,Sangat Rendah,Tidak Berpotensi Banjir
2.0255106369092366,24.713974892278298,20.384215014691947,Rendah,Waspada,Rendah,Tidak Berpotensi Banjir
13.481670745733776,28.132795051656426,43.299176761423055,Tinggi,Waspada,Sedang,Tidak Berpotensi Banjir
15.790488717229257,57.6696353003101,22.637046435175154,Tinggi,Banjir,Rendah,Berpotensi Banjir
16.549147346400108,42.54335585281767,78.90137030007432,Tinggi,Siaga,Tinggi,Berpotensi Banjir
20.7603828075113,9.89302318912774,29.184558798781,Tinggi,Aman,Rendah,Tidak Berpotensi Banjir
9.050286834221216,10.085996479880473,83.21605309283657,Sedang,Waspada,Sangat Tinggi,Berpotensi Banjir
4.736956398523286,29.133651378362455,87.7308534661239,Rendah,Waspada,Sangat Tinggi,Tidak Berpotensi Banjir
12.387594619865736,54.82841828940029,40.48753805168209,Tinggi,Banjir,Sedang,Berpotensi Banjir
28.735765961082517,49.76442272111424,20.441593520939126,Tinggi,Siaga,Rendah,Berpotensi Banjir
6.426795860774497,51.01885305232713,26.249952008070295,Sedang,Banjir,Rendah,Tidak Berpotensi Banjir
27.215534692918872,54.8686542935163,69.87003134935016,Tinggi,Banjir,Tinggi,Berpotensi Banjir
16.770372552242463,23.66492633761141,24.601473701333195,Tinggi,Waspada,Rendah,Tidak Berpotensi Banjir
14.250431227727208,40.63665832623572,34.252458112825614,Tinggi,Siaga,Rendah,Berpotensi Banjir
26.579200896666798,40.31792162059002,43.07182726336648,Tinggi,Siaga,Sedang,Berpotensi Banjir
14.29951489128899,53.0761125766967,51.76000048229857,Tinggi,Banjir,Sedang,Berpotensi Banjir
22.000861461734754,67.19658699186701,89.64903962711143,Tinggi,Banjir,Sangat Tinggi,Berpotensi Banjir
12.571734329389958,23.069346411705283,20.898877964723308,Tinggi,Waspada,Rendah,Tidak Berpotensi Banjir
27.217287394127773,56.56330872920813,31.808133292335196,Tinggi,Banjir,Rendah,Berpotensi Banjir
21.010725585545593,47.89808565401206,23.660205930945992,Tinggi,Siaga,Rendah,Berpotensi Banjir
21.289039573264986,42.71546160612491,32.50020929793393,Tinggi,Siaga,Rendah,Berpotensi Banjir
10.503891645156449,55.367185657581125,9.07240652051585,Tinggi,Banjir,Sangat Rendah,Berpotensi Banjir
22.946580639369788,66.36211031782645,32.382879051694246,Tinggi,Banjir,Rendah,Berpotensi Banjir
19.4457706079671,7.3849421615118445,79.90785283179495,Tinggi,Aman,Tinggi,Berpotensi Banjir
7.960587928011577,14.581006663359343,26.873086306180415,Sedang,Waspada,Rendah,Tidak Berpotensi Banjir
5.655625852072436,54.15867004757253,33.4741301864162,Sedang,Banjir,Rendah,Tidak Berpotensi Banjir
24.09535276100262,10.446437939155496,85.00267479941412,Tinggi,Waspada,Sangat Tinggi,Berpotensi Banjir
28.815831488021452,38.548040548171045,65.55410966941814,Tinggi,Siaga,Tinggi,Berpotensi Banjir
14.286025990541242,19.290950481704453,46.50648433362435,Tinggi,Waspada,Sedang,Tidak Berpotensi Banjir
18.138540794386863,22.829220749778845,69.94734555630966,Tinggi,Waspada,Tinggi,Berpotensi Banjir
25.873956681613084,50.61963139138706,11.086168396905355,Tinggi,Banjir,Sangat Rendah,Berpotensi Banjir
14.259480147261854,6.962530262466255,41.80413178987581,Tinggi,Aman,Sedang,Tidak Berpotensi Banjir
28.60435982814935,61.76576281362374,10.641251586227968,Tinggi,Banjir,Sangat Rendah,Berpotensi Banjir
17.6967836993013,33.891132097897554,21.0256330517622,Tinggi,Siaga,Rendah,Berpotensi Banjir
24.802246500338136,37.655564103961574,12.768053376623275,Tinggi,Siaga,Sangat Rendah,Berpotensi Banjir
27.35646783396941,40.10311764008998,32.56211152522254,Tinggi,Siaga,Rendah,Berpotensi Banjir
24.650190744288498,46.960379147667105,34.34753883563333,Tinggi,Siaga,Rendah,Berpotensi Banjir
5.623019440019722,27.415678130478625,85.25777236499168,Sedang,Waspada,Sangat Tinggi,Berpotensi Banjir
19.238054732789312,11.571986886626936,23.77131580687763,Tinggi,Waspada,Rendah,Tidak Berpotensi Banjir
12.554593499970634,25.694630883301475,42.51859607848652,Tinggi,Waspada,Sedang,Tidak Berpotensi Banjir
2.8186756086770255,15.92923767148332,73.0241463567138,Rendah,Waspada,Tinggi,Tidak Berpotensi Banjir
13.296935304805416,41.14865666428081,73.40558277929955,Tinggi,Siaga,Tinggi,Berpotensi Banjir
8.501837939792823,25.671861012425122,67.53088683315183,Sedang,Waspada,Tinggi,Berpotensi Banjir
25.62211094442681,67.27436656957326,25.905038592606566,Tinggi,Banjir,Rendah,Berpotensi Banjir
1.9658341698541895,67.77272806871824,44.54744574702213,Rendah,Banjir,Sedang,Tidak Berpotensi Banjir
28.810498934040734,45.30818223693569,16.759043566805094,Tinggi,Siaga,Sangat Rendah,Berpotensi Banjir
11.30569660568596,45.13732239837359,16.955957050452383,Tinggi,Siaga,Sangat Rendah,Berpotensi Banjir
11.344499821673743,69.04960669686189,39.225709182447986,Tinggi,Banjir,Rendah,Berpotensi Banjir
1.4735265778275288,62.67340483028709,66.4732999118647,Rendah,Banjir,Tinggi,Berpotensi Banjir
6.3717374318493345,54.7295466952791,47.39258339980541,Sedang,Banjir,Sedang,Berpotensi Banjir
12.636525523304654,25.383389763275577,79.80148987627071,Tinggi,Waspada,Tinggi,Berpotensi Banjir
27.949451101778703,28.760036827674963,74.78179179998183,Tinggi,Waspada,Tinggi,Berpotensi Banjir
3.8888329764168685,18.08233977445625,2.8444898538365004,Rendah,Waspada,Sangat Rendah,Tidak Berpotensi Banjir
28.413744470893306,36.66462824962935,51.15771385795944,Tinggi,Siaga,Sedang,Berpotensi Banjir
26.215167385852336,69.37395393907268,54.82451379200788,Tinggi,Banjir,Sedang,Berpotensi Banjir
14.170709510319002,64.28981194575327,86.54176298700733,Tinggi,Banjir,Sangat Tinggi,Berpotensi Banjir
10.474325571279541,12.69271321126549,2.0912964037975557,Tinggi,Waspada,Sangat Rendah,Tidak Berpotensi Banjir
7.749579749092649,6.6373688038829,47.7993393871766,Sedang,Aman,Sedang,Tidak Berpotensi Banjir
18.819476487829355,63.4114484465373,18.430322574226714,Tinggi,Banjir,Sangat Rendah,Berpotensi Banjir
1.959163152789663,39.91605831666598,4.8296615662430185,Rendah,Siaga,Sangat Rendah,Tidak Berpotensi Banjir
1.4525758689580184,18.01234273354965,52.8739672258551,Rendah,Waspada,Sedang,Tidak Berpotensi Banjir
13.435075952448898,48.787462523001295,69.53437292695223,Tinggi,Siaga,Tinggi,Berpotensi Banjir
2.974148145266886,46.874506565438296,69.7378904302669,Rendah,Siaga,Tinggi,Berpotensi Banjir
8.306288659136694,12.935564444370367,2.7259569140316096,Sedang,Waspada,Sangat Rendah,Tidak Berpotensi Banjir
7.413666545036431,21.874015177345267,36.62517602444304,Sedang,Waspada,Rendah,Tidak Berpotensi Banjir
8.342544617962705,8.905067680361768,4.0058664433758455,Sedang,Aman,Sangat Rendah,Tidak Berpotensi Banjir
4.8006017052424745,18.64093080155923,22.305478229169278,Rendah,Waspada,Rendah,Tidak Berpotensi Banjir
1.3490504640319738,13.599868865449087,17.35926324821535,Rendah,Waspada,Sangat Rendah,Tidak Berpotensi Banjir
4.3490446170236945,17.560359010846145,19.36643213179415,Rendah,Waspada,Sangat Rendah,Tidak Berpotensi Banjir
18.935927525869687,49.5553644843526,30.520657263107573,Tinggi,Siaga,Rendah,Berpotensi Banjir
29.25343017172346,8.217483376969403,24.967623765239846,Tinggi,Aman,Rendah,Tidak Berpotensi Banjir
29.72000504526592,11.620549991134071,86.60519201948384,Tinggi,Waspada,Sangat Tinggi,Berpotensi Banjir
12.862568765818786,13.721286475088696,31.71664080084439,Tinggi,Waspada,Rendah,Tidak Berpotensi Banjir
5.725678355351556,25.575172862278713,80.47552637636747,Sedang,Waspada,Sangat Tinggi,Berpotensi Banjir
19.524090963629348,24.41877020537616,16.293750436883258,Tinggi,Waspada,Sangat Rendah,Tidak Berpotensi Banjir
15.218855049913378,21.579146045581563,68.73721804693929,Tinggi,Waspada,Tinggi,Berpotensi Banjir
29.692883541248513,53.78488247310706,5.521098242217849,Tinggi,Banjir,Sangat Rendah,Berpotensi Banjir
2.893822007401626,69.87148120427653,41.64851065224072,Rendah,Banjir,Sedang,Tidak Berpotensi Banjir
23.71379871110058,39.70856503587173,0.49593962119733437,Tinggi,Siaga,Sangat Rendah,Berpotensi Banjir
9.363556422613323,66.37317666440623,72.92616867624925,Sedang,Banjir,Tinggi,Berpotensi Banjir
8.001139982220646,30.779657288194205,85.54374324340056,Sedang,Siaga,Sangat Tinggi,Berpotensi Banjir
20.212632574447603,11.934359042176373,3.159663374443109,Tinggi,Waspada,Sangat Rendah,Tidak Berpotensi Banjir
8.135832364737968,31.570298915539425,84.0461725325983,Sedang,Siaga,Sangat Tinggi,Berpotensi Banjir
20.309914409216443,24.248305271955065,69.64685023422177,Tinggi,Waspada,Tinggi,Berpotensi Banjir
16.001946998866373,37.07145254879658,32.29754209135158,Tinggi,Siaga,Rendah,Berpotensi Banjir
13.29858066463963,47.70783899956751,81.79888961005247,Tinggi,Siaga,Sangat Tinggi,Berpotensi Banjir
17.08594645118115,34.968264244906536,26.663154412581086,Tinggi,Siaga,Rendah,Berpotensi Banjir
9.324494077669263,65.78543328505867,36.83657810112858,Sedang,Banjir,Rendah,Tidak Berpotensi Banjir
21.49066648191639,62.509713449459696,8.704013597281948,Tinggi,Banjir,Sangat Rendah,Berpotensi Banjir
13.030849210673356,50.62854368580282,59.12450657101296,Tinggi,Banjir,Sedang,Berpotensi Banjir
11.455821254090875,36.82951930369569,2.6640745868044693,Tinggi,Siaga,Sangat Rendah,Berpotensi Banjir
25.031050522116395,13.559673317939698,43.64147476791335,Tinggi,Waspada,Sedang,Tidak Berpotensi Banjir
27.824040446642574,30.80588834054617,61.48726652272804,Tinggi,Siaga,Tinggi,Berpotensi Banjir
2.3342120157316106,50.78610006107629,73.91138408541998,Rendah,Banjir,Tinggi,Berpotensi Banjir
7.7461827920632,23.517558835992528,13.494725065949593,Sedang,Waspada,Sangat Rendah,Tidak Berpotensi Banjir
11.107061715284335,11.759225040322328,67.86813296238456,Tinggi,Waspada,Tinggi,Berpotensi Banjir
24.634027901737173,64.01339973819083,64.71693211995266,Tinggi,Banjir,Tinggi,Berpotensi Banjir
29.57925140165563,51.0883026380104,50.36134807078058,Tinggi,Banjir,Sedang,Berpotensi Banjir
29.1001794354402,44.99296773128132,52.61801380090776,Tinggi,Siaga,Sedang,Berpotensi Banjir
27.24350202094788,56.512428864579576,8.21436487711003,Tinggi,Banjir,Sangat Rendah,Berpotensi Banjir
9.600131686856866,59.316992442925915,54.04239389163422,Sedang,Banjir,Sedang,Berpotensi Banjir
29.76832605901975,36.42483488111652,34.33699863637491,Tinggi,Siaga,Rendah,Berpotensi Banjir
8.233181190637085,62.2772363416136,78.08227662074823,Sedang,Banjir,Tinggi,Berpotensi Banjir
4.071278491584734,64.56723569557185,28.178899356239118,Rendah,Banjir,Rendah,Tidak Berpotensi Banjir
28.577625720606427,22.65082120261079,51.89355696271722,Tinggi,Waspada,Sedang,Tidak Berpotensi Banjir
7.769187408574793,44.490448386401624,38.391425973107495,Sedang,Siaga,Rendah,Tidak Berpotensi Banjir
21.003279687254764,39.22796187333049,78.86357444252818,Tinggi,Siaga,Tinggi,Berpotensi Banjir
2.6923344104370712,39.96647564487366,22.852500029027013,Rendah,Siaga,Rendah,Tidak Berpotensi Banjir
22.19056387469681,65.94810110769653,7.092212427851438,Tinggi,Banjir,Sangat Rendah,Berpotensi Banjir
26.56988615768135,24.837265675046886,67.37901488848256,Tinggi,Waspada,Tinggi,Berpotensi Banjir
8.900669968512911,68.92320858524747,37.160695521748934,Sedang,Banjir,Rendah,Tidak Berpotensi Banjir
11.992649986245429,63.63852896227509,53.01885232136623,Tinggi,Banjir,Sedang,Berpotensi Banjir
11.854589316306566,34.81698775987767,2.3750398542016002,Tinggi,Siaga,Sangat Rendah,Berpotensi Banjir
22.71485946866386,58.134462135180804,85.68988122576619,Tinggi,Banjir,Sangat Tinggi,Berpotensi Banjir
7.896410033632127,54.98805463080914,78.98565396464788,Sedang,Banjir,Tinggi,Berpotensi Banjir
5.983739872381648,49.06317302520388,56.14811105195497,Sedang,Siaga,Sedang,Tidak Berpotensi Banjir
14.029457811944404,25.789202809905028,1.532685790135624,Tinggi,Waspada,Sangat Rendah,Tidak Berpotensi Banjir
9.829583813942266,17.769314468362005,34.017882658458895,Sedang,Waspada,Rendah,Tidak Berpotensi Banjir
25.33648454550092,48.64930028977428,88.0916883967934,Tinggi,Siaga,Sangat Tinggi,Berpotensi Banjir
7.894512954453524,59.79326426607047,61.31973228662112,Sedang,Banjir,Tinggi,Berpotensi Banjir
15.569294267188582,6.05643126402903,14.488907518207721,Tinggi,Aman,Sangat Rendah,Tidak Berpotensi Banjir
28.33492439123998,46.78221939505328,41.45370737890506,Tinggi,Siaga,Sedang,Berpotensi Banjir
19.38593323459516,33.786746600443806,87.00639694591374,Tinggi,Siaga,Sangat Tinggi,Berpotensi Banjir
26.15139275841148,63.375704083253936,48.1237356974934,Tinggi,Banjir,Sedang,Berpotensi Banjir
28.266080991288252,25.895740505523342,2.21530752268421,Tinggi,Waspada,Sangat Rendah,Tidak Berpotensi Banjir
22.772180994704208,35.822012797135415,55.779487584837995,Tinggi,Siaga,Sedang,Berpotensi Banjir
21.28767674651779,38.45986176228711,24.409487783804384,Tinggi,Siaga,Rendah,Berpotensi Banjir
29.071001431522586,14.128568889118444,8.896135668921394,Tinggi,Waspada,Sangat Rendah,Tidak Berpotensi Banjir
29.8376228997827,51.33799967542891,36.26176002587037,Tinggi,Banjir,Rendah,Berpotensi Banjir
14.10282879742303,58.98096243286237,50.26707876890203,Tinggi,Banjir,Sedang,Berpotensi Banjir
3.0552235673420425,8.764102998256917,1.5336646243022445,Rendah,Aman,Sangat Rendah,Tidak Berpotensi Banjir
9.491026911775046,23.940273334898677,50.31421277723527,Sedang,Waspada,Sedang,Tidak Berpotensi Banjir
5.418286464944184,7.472904299778764,46.00828321556737,Sedang,Aman,Sedang,Tidak Berpotensi Banjir
13.107104869084342,67.17536680473575,71.4517544788884,Tinggi,Banjir,Tinggi,Berpotensi Banjir
4.807390525724425,48.36597334574853,38.119483513385745,Rendah,Siaga,Rendah,Tidak Berpotensi Banjir
18.51941631660558,67.6730272645608,49.81053867028976,Tinggi,Banjir,Sedang,Berpotensi Banjir
12.10143371557777,39.54712809153501,66.78083736514137,Tinggi,Siaga,Tinggi,Berpotensi Banjir
26.96619064435809,57.1344540532149,80.74312846037509,Tinggi,Banjir,Sangat Tinggi,Berpotensi Banjir
29.066045482156554,29.3369089521831,34.203111842131875,Tinggi,Waspada,Rendah,Tidak Berpotensi Banjir
16.859662148413243,27.99823711722166,54.14701462048318,Tinggi,Waspada,Sedang,Tidak Berpotensi Banjir
8.969883526160302,29.587408111833625,62.51498130747436,Sedang,Waspada,Tinggi,Berpotensi Banjir
18.174682144093268,47.76103869221783,3.894360879797656,Tinggi,Siaga,Sangat Rendah,Berpotensi Banjir
27.006073588507885,28.36445481640739,72.06844576375212,Tinggi,Waspada,Tinggi,Berpotensi Banjir
12.7952670292367,63.523884354274664,33.968716669385444,Tinggi,Banjir,Rendah,Berpotensi Banjir
17.010270024067154,68.9128662282601,60.32150472992489,Tinggi,Banjir,Tinggi,Berpotensi Banjir
8.87793026057823,6.977723496905384,42.44976595844541,Sedang,Aman,Sedang,Tidak Berpotensi Banjir
14.207880334050783,17.585513876162274,63.21052284225365,Tinggi,Waspada,Tinggi,Berpotensi Banjir
12.64969252600836,12.29624951818009,65.1897881312201,Tinggi,Waspada,Tinggi,Berpotensi Banjir
8.203990487406159,7.753663060943811,17.24139121378206,Sedang,Aman,Sangat Rendah,Tidak Berpotensi Banjir
15.670125130933942,19.80316456757362,59.59568108578055,Tinggi,Waspada,Sedang,Tidak Berpotensi Banjir
10.00104395341453,34.041565823990275,76.61910940938785,Tinggi,Siaga,Tinggi,Berpotensi Banjir
11.818011052541676,59.404373743764445,21.201048045447735,Tinggi,Banjir,Rendah,Berpotensi Banjir
16.22414282537366,19.418561983149747,68.23651229044901,Tinggi,Waspada,Tinggi,Berpotensi Banjir
22.767255664940638,37.106441618043085,57.044260183970124,Tinggi,Siaga,Sedang,Berpotensi Banjir
10.671716507946984,65.42521806403903,85.96134310253075,Tinggi,Banjir,Sangat Tinggi,Berpotensi Banjir
27.800604232002144,48.36895594113387,23.422191956258473,Tinggi,Siaga,Rendah,Berpotensi Banjir
26.00723785824117,56.875136284139835,13.884999989220319,Tinggi,Banjir,Sangat Rendah,Berpotensi Banjir
2.412018583290328,40.81460806205661,28.09089137535299,Rendah,Siaga,Rendah,Tidak Berpotensi Banjir
8.35563320344786,68.73031982464096,23.21629003781268,Sedang,Banjir,Rendah,Tidak Berpotensi Banjir
13.937929867116855,43.26304005429582,68.11494844261615,Tinggi,Siaga,Tinggi,Berpotensi Banjir
4.0342087735317484,7.95819640756845,65.97983734621185,Rendah,Aman,Tinggi,Tidak Berpotensi Banjir
11.105803681971416,17.868881996086664,60.271641076980046,Tinggi,Waspada,Tinggi,Berpotensi Banjir
22.462828242912792,31.310285882214618,19.474120301263902,Tinggi,Siaga,Sangat Rendah,Berpotensi Banjir
20.73491995314195,44.08301621729546,77.56261266951807,Tinggi,Siaga,Tinggi,Berpotensi Banjir
19.049148428414142,55.175506381582395,86.09144002730349,Tinggi,Banjir,Sangat Tinggi,Berpotensi Banjir
21.60532367894802,31.85059818375261,47.844523629778,Tinggi,Siaga,Sedang,Berpotensi Banjir
6.942786921831351,51.15378982601976,58.443545756644724,Sedang,Banjir,Sedang,Berpotensi Banjir
10.909245331077232,56.34151770209312,45.06228891185059,Tinggi,Banjir,Sedang,Berpotensi Banjir
20.611031986046424,25.62191282124888,25.520194359234345,Tinggi,Waspada,Rendah,Tidak Berpotensi Banjir
26.497808127908485,68.6525656023282,25.75328435969438,Tinggi,Banjir,Rendah,Berpotensi Banjir
16.76666356101476,47.227672190329315,28.207847046142184,Tinggi,Siaga,Rendah,Berpotensi Banjir
9.198289877420562,62.26487395109853,17.17650037477386,Sedang,Banjir,Sangat Rendah,Tidak Berpotensi Banjir
1.8768224821734951,41.135949772559435,81.17312693663858,Rendah,Siaga,Sangat Tinggi,Berpotensi Banjir
21.599768040252187,53.20420196490104,77.25583206420173,Tinggi,Banjir,Tinggi,Berpotensi Banjir
1.2286390017447708,55.085364005063745,41.54754251869531,Rendah,Banjir,Sedang,Tidak Berpotensi Banjir
11.80769302480887,64.03614465024764,33.052627130415345,Tinggi,Banjir,Rendah,Berpotensi Banjir
16.385579222320672,14.772734196639071,84.51705208923887,Tinggi,Waspada,Sangat Tinggi,Berpotensi Banjir
27.741232391248598,41.28842257100115,20.01361223095291,Tinggi,Siaga,Rendah,Berpotensi Banjir
3.595341805954103,32.84460335188066,49.818776352012144,Rendah,Siaga,Sedang,Tidak Berpotensi Banjir
12.772327337080227,65.00533637629312,4.904833998794638,Tinggi,Banjir,Sangat Rendah,Berpotensi Banjir
1.7050827915945754,11.831155126184948,17.20819773157041,Rendah,Waspada,Sangat Rendah,Tidak Berpotensi Banjir
10.93571854590612,68.86730276425934,54.36242400235588,Tinggi,Banjir,Sedang,Berpotensi Banjir
19.044700706354053,61.90433606606426,59.59652875597527,Tinggi,Banjir,Sedang,Berpotensi Banjir
9.092970498629352,9.798708301676154,52.289623680591575,Sedang,Aman,Sedang,Tidak Berpotensi Banjir
7.082748540013418,36.91281506013084,78.26412743993608,Sedang,Siaga,Tinggi,Berpotensi Banjir
4.355393766485715,51.64136751381418,89.40646987404723,Rendah,Banjir,Sangat Tinggi,Berpotensi Banjir
17.737067076589913,52.97985046991867,68.747565793762,Tinggi,Banjir,Tinggi,Berpotensi Banjir
21.162830171235896,63.92211814046485,41.8582605729383,Tinggi,Banjir,Sedang,Berpotensi Banjir
20.48675707727885,56.99125331285021,75.05412025086925,Tinggi,Banjir,Tinggi,Berpotensi Banjir
28.516969600894715,25.210474722365817,10.834865474940148,Tinggi,Waspada,Sangat Rendah,Tidak Berpotensi Banjir
1.0783932029115784,37.3982610810594,61.494362680133676,Rendah,Siaga,Tinggi,Berpotensi Banjir
19.768702962927044,50.616074590830515,46.65040087080906,Tinggi,Banjir,Sedang,Berpotensi Banjir
18.411374875831548,13.998394688682842,16.025929763014656,Tinggi,Waspada,Sangat Rendah,Tidak Berpotensi Banjir
18.073448689138356,17.609401844012826,87.56402555521926,Tinggi,Waspada,Sangat Tinggi,Berpotensi Banjir
28.92033927536703,36.267759127141716,30.459367780087277,Tinggi,Siaga,Rendah,Berpotensi Banjir
1.4892785277311513,24.385976915858325,55.388106536704505,Rendah,Waspada,Sedang,Tidak Berpotensi Banjir
21.197990490342054,61.066351235966174,79.07348137724568,Tinggi,Banjir,Tinggi,Berpotensi Banjir
24.59668084135404,43.10802589884017,45.60199595233385,Tinggi,Siaga,Sedang,Berpotensi Banjir
15.78440870202594,27.6632378516939,10.362406515878867,Tinggi,Waspada,Sangat Rendah,Tidak Berpotensi Banjir
10.684981218307465,60.17414666428665,73.68651759125609,Tinggi,Banjir,Tinggi,Berpotensi Banjir
23.93436473359474,57.31709915602553,31.78923903529204,Tinggi,Banjir,Rendah,Berpotensi Banjir
3.8200448433403147,69.89306701145252,88.47601820026549,Rendah,Banjir,Sangat Tinggi,Berpotensi Banjir
13.819033494167833,60.074999741692764,79.54429018001022,Tinggi,Banjir,Tinggi,Berpotensi Banjir
16.078618862554308,31.93967476236918,76.81044000140615,Tinggi,Siaga,Tinggi,Berpotensi Banjir
21.124735917101876,13.28742731504925,32.06278597841095,Tinggi,Waspada,Rendah,Tidak Berpotensi Banjir
3.6356862289398744,59.64165903303106,68.1416800028159,Rendah,Banjir,Tinggi,Berpotensi Banjir
7.605025544597968,8.884264667425608,88.769615670143,Sedang,Aman,Sangat Tinggi,Tidak Berpotensi Banjir
12.898745318013644,27.76762847741552,47.36894507561982,Tinggi,Waspada,Sedang,Tidak Berpotensi Banjir
19.075545517583787,64.7829687501328,42.36589394597084,Tinggi,Banjir,Sedang,Berpotensi Banjir
26.721862655305106,67.44982077393155,1.3199238874863728,Tinggi,Banjir,Sangat Rendah,Berpotensi Banjir
18.945958878999917,46.6366985788792,63.01833918614427,Tinggi,Siaga,Tinggi,Berpotensi Banjir
4.870382657113098,49.76214060394138,77.26298117416687,Rendah,Siaga,Tinggi,Berpotensi Banjir
29.43682385083119,7.759541767158962,22.2711467473647,Tinggi,Aman,Rendah,Tidak Berpotensi Banjir
26.281786307909293,38.44122217082061,28.352211940319112,Tinggi,Siaga,Rendah,Berpotensi Banjir
15.578902073214397,40.54643162241218,45.060931919354076,Tinggi,Siaga,Sedang,Berpotensi Banjir
27.748091472102356,27.106548498067223,6.4872141625365165,Tinggi,Waspada,Sangat Rendah,Tidak Berpotensi Banjir
16.700043018956936,9.458794259002481,8.06782284888633,Tinggi,Aman,Sangat Rendah,Tidak Berpotensi Banjir
27.77587596878573,19.87899398208561,37.899968299927274,Tinggi,Waspada,Rendah,Tidak Berpotensi Banjir
25.067023689496953,28.26895589597776,23.50970574330795,Tinggi,Waspada,Rendah,Tidak Berpotensi Banjir
29.080305898534622,33.284229123561424,36.543357227949166,Tinggi,Siaga,Rendah,Berpotensi Banjir
27.67370151256659,43.410237159682,40.89476682899442,Tinggi,Siaga,Sedang,Berpotensi Banjir
2.044980705428515,51.955448715385366,87.86460570652063,Rendah,Banjir,Sangat Tinggi,Berpotensi Banjir
6.068388120667259,25.6460717628065,84.98338380925536,Sedang,Waspada,Sangat Tinggi,Berpotensi Banjir
12.284905635934388,26.3819943947339,12.575713638578948,Tinggi,Waspada,Sangat Rendah,Tidak Berpotensi Banjir
28.612138221567204,6.279956777040741,79.43273763590219,Tinggi,Aman,Tinggi,Berpotensi Banjir
9.700838664801958,7.6568659061111894,7.21859960970707,Sedang,Aman,Sangat Rendah,Tidak Berpotensi Banjir
5.65356167274043,21.758410130054866,45.68719227459787,Sedang,Waspada,Sedang,Tidak Berpotensi Banjir
26.702835316510235,53.11592484887218,14.751891009878882,Tinggi,Banjir,Sangat Rendah,Berpotensi Banjir
13.945438049012884,45.84039897430429,32.93029308212407,Tinggi,Siaga,Rendah,Berpotensi Banjir
27.328392236275455,55.036286344059256,66.90062030837981,Tinggi,Banjir,Tinggi,Berpotensi Banjir
5.646683523284155,54.97976335396341,38.20549314211649,Sedang,Banjir,Rendah,Tidak Berpotensi Banjir
20.172407833734887,60.67688539850458,72.62561588142003,Tinggi,Banjir,Tinggi,Berpotensi Banjir
13.767648832055263,51.82075228914743,64.69341399337877,Tinggi,Banjir,Tinggi,Berpotensi Banjir
3.2181163018782764,68.63570973505348,84.85555015899146,Rendah,Banjir,Sangat Tinggi,Berpotensi Banjir
21.197431194922515,63.42363925461813,48.07404185272895,Tinggi,Banjir,Sedang,Berpotensi Banjir
8.174563910635456,43.13661580451022,72.19331585890157,Sedang,Siaga,Tinggi,Berpotensi Banjir
2.148850154806014,43.23024858192616,29.06163957033467,Rendah,Siaga,Rendah,Tidak Berpotensi Banjir
2.7383846492376245,7.2273576228949175,31.117126058087816,Rendah,Aman,Rendah,Tidak Berpotensi Banjir
2.771277574936833,69.90422755104304,36.04594172233549,Rendah,Banjir,Rendah,Tidak Berpotensi Banjir
27.324255767066145,13.552439828799216,36.98241608682801,Tinggi,Waspada,Rendah,Tidak Berpotensi Banjir
22.45663361704393,53.122567781053476,9.292789859937708,Tinggi,Banjir,Sangat Rendah,Berpotensi Banjir
27.043808359198316,58.36598768308008,46.71890453986772,Tinggi,Banjir,Sedang,Berpotensi Banjir
20.504887027599118,29.24854440483821,8.712289734212302,Tinggi,Waspada,Sangat Rendah,Tidak Berpotensi Banjir
16.33925794189561,17.795383553245394,80.07859222377877,Tinggi,Waspada,Sangat Tinggi,Berpotensi Banjir
9.82894456607397,11.419392641386077,5.566030490096381,Sedang,Waspada,Sangat Rendah,Tidak Berpotensi Banjir
29.94090528853153,53.65939037892256,40.47249872783779,Tinggi,Banjir,Sedang,Berpotensi Banjir
11.503482709242292,34.422479398370214,25.622465975138745,Tinggi,Siaga,Rendah,Berpotensi Banjir
14.648819527203377,51.39165433507382,13.938247408903118,Tinggi,Banjir,Sangat Rendah,Berpotensi Banjir
11.969110072780392,64.50149717536704,70.54530217579911,Tinggi,Banjir,Tinggi,Berpotensi Banjir
29.4062809507283,14.527942849818684,64.3439159027573,Tinggi,Waspada,Tinggi,Berpotensi Banjir
6.065093176455168,64.74611504704697,13.13531011633618,Sedang,Banjir,Sangat Rendah,Tidak Berpotensi Banjir
10.51165202633431,31.755719868048384,56.94890769956792,Tinggi,Siaga,Sedang,Berpotensi Banjir
20.730111314435046,24.84235564332379,71.32996505974015,Tinggi,Waspada,Tinggi,Berpotensi Banjir
2.833020931820289,66.29904693918064,69.59989983328983,Rendah,Banjir,Tinggi,Berpotensi Banjir
18.61023184633469,69.39236001941596,8.305163789702542,Tinggi,Banjir,Sangat Rendah,Berpotensi Banjir
14.851748583416066,17.92799415488413,61.69614471411986,Tinggi,Waspada,Tinggi,Berpotensi Banjir
9.23599932610093,47.694492551878916,64.44215287952193,Sedang,Siaga,Tinggi,Berpotensi Banjir
7.913985146797682,11.922195395118923,77.59496403378245,Sedang,Waspada,Tinggi,Berpotensi Banjir
15.920869555663945,47.309410250737876,45.7239904978488,Tinggi,Siaga,Sedang,Berpotensi Banjir
11.6698998355742,58.77535980543023,41.49846002730216,Tinggi,Banjir,Sedang,Berpotensi Banjir
14.239076846617005,49.492405524064395,86.86046924275229,Tinggi,Siaga,Sangat Tinggi,Berpotensi Banjir
10.786844071162957,32.126654234068724,71.68610301648782,Tinggi,Siaga,Tinggi,Berpotensi Banjir
29.14431711428335,29.89931337164502,50.28578917258401,Tinggi,Waspada,Sedang,Tidak Berpotensi Banjir
4.869743520622516,30.55295698952211,29.755536418015154,Rendah,Siaga,Rendah,Tidak Berpotensi Banjir
3.8073146421728516,43.33126816954,76.07141964031597,Rendah,Siaga,Tinggi,Berpotensi Banjir
10.958360134936566,62.30187255471221,40.98927505179642,Tinggi,Banjir,Sedang,Berpotensi Banjir
18.139780125244247,65.38930022246991,8.341667294234457,Tinggi,Banjir,Sangat Rendah,Berpotensi Banjir
20.11611768365082,8.479425313475677,40.94138454420958,Tinggi,Aman,Sedang,Tidak Berpotensi Banjir
12.520445667873219,16.805455651969737,78.47715565351317,Tinggi,Waspada,Tinggi,Berpotensi Banjir
29.979061823742963,12.294580528838754,40.34539322050009,Tinggi,Waspada,Sedang,Tidak Berpotensi Banjir
11.204896889598235,17.566751649849408,1.291423296631511,Tinggi,Waspada,Sangat Rendah,Tidak Berpotensi Banjir
21.92079337083862,27.529507689596166,55.033679152482264,Tinggi,Waspada,Sedang,Tidak Berpotensi Banjir
19.48989814139299,37.92455937047055,89.62470030702589,Tinggi,Siaga,Sangat Tinggi,Berpotensi Banjir
24.578562034176358,45.91497975559489,73.55237256364606,Tinggi,Siaga,Tinggi,Berpotensi Banjir
29.31054424016078,52.5892442440806,55.55141519563331,Tinggi,Banjir,Sedang,Berpotensi Banjir
26.804016036920665,62.85725019007746,82.29589981180965,Tinggi,Banjir,Sangat Tinggi,Berpotensi Banjir
23.172297256373547,69.2907484199364,73.22235134859557,Tinggi,Banjir,Tinggi,Berpotensi Banjir
21.249205856730427,48.085671106212786,44.87754174660364,Tinggi,Siaga,Sedang,Berpotensi Banjir
10.72944692060109,59.948693713404595,53.20982568666436,Tinggi,Banjir,Sedang,Berpotensi Banjir
5.282881767994513,55.57252505010543,65.81635282827179,Sedang,Banjir,Tinggi,Berpotensi Banjir
2.816444088734483,24.98958254921628,76.17835475809783,Rendah,Waspada,Tinggi,Tidak Berpotensi Banjir
8.01514942184306,61.919997565269995,5.235876213904026,Sedang,Banjir,Sangat Rendah,Tidak Berpotensi Banjir
13.53616295425766,7.779603966606925,69.73234714450359,Tinggi,Aman,Tinggi,Berpotensi Banjir
16.137891935269494,5.023877343844761,40.27530959803818,Tinggi,Aman,Sedang,Tidak Berpotensi Banjir
23.41942306759128,22.792620910250175,59.47187042713866,Tinggi,Waspada,Sedang,Tidak Berpotensi Banjir
28.803486768641196,35.03633942578424,68.81697098629651,Tinggi,Siaga,Tinggi,Berpotensi Banjir
4.4022939311595195,46.493588175044025,48.55517325247035,Rendah,Siaga,Sedang,Tidak Berpotensi Banjir
4.103120065619955,11.615067325395412,14.266336552235915,Rendah,Waspada,Sangat Rendah,Tidak Berpotensi Banjir
18.10114696739297,48.7456586992646,36.85741483664395,Tinggi,Siaga,Rendah,Berpotensi Banjir
22.616544144471497,57.118031358880145,6.918569437714179,Tinggi,Banjir,Sangat Rendah,Berpotensi Banjir
25.59636103006256,17.045339772658842,62.03706220397375,Tinggi,Waspada,Tinggi,Berpotensi Banjir
28.139130326286868,31.9831415640666,85.8335563766775,Tinggi,Siaga,Sangat Tinggi,Berpotensi Banjir
29.51936102555862,38.79902434696513,71.57275310017683,Tinggi,Siaga,Tinggi,Berpotensi Banjir
12.59424907451125,34.36745617549124,35.080778050840685,Tinggi,Siaga,Rendah,Berpotensi Banjir
12.029720322299621,56.98894550775059,52.58623464049449,Tinggi,Banjir,Sedang,Berpotensi Banjir
5.2864516242208985,67.4339558777565,27.378060826218224,Sedang,Banjir,Rendah,Tidak Berpotensi Banjir
20.863098721823224,56.9319556605317,48.69410395994685,Tinggi,Banjir,Sedang,Berpotensi Banjir
20.046096794784276,10.069533161928597,27.06542152061762,Tinggi,Waspada,Rendah,Tidak Berpotensi Banjir
25.99981527968501,57.32081219034326,66.4492281118749,Tinggi,Banjir,Tinggi,Berpotensi Banjir
3.8204818488415784,9.328761595310826,23.340735718832295,Rendah,Aman,Rendah,Tidak Berpotensi Banjir
15.435530326934911,20.33807504070205,86.7618351390505,Tinggi,Waspada,Sangat Tinggi,Berpotensi Banjir
17.85137596048983,14.951298294321983,59.57538589561783,Tinggi,Waspada,Sedang,Tidak Berpotensi Banjir
8.005154161157634,17.838741944995554,6.190006291545939,Sedang,Waspada,Sangat Rendah,Tidak Berpotensi Banjir
5.901736777745677,39.340483258727794,0.9699987155123835,Sedang,Siaga,Sangat Rendah,Tidak Berpotensi Banjir
25.927844256169024,48.659840744705484,89.73417097845903,Tinggi,Siaga,Sangat Tinggi,Berpotensi Banjir
2.697512744831205,35.57088335184267,19.84550203942142,Rendah,Siaga,Sangat Rendah,Tidak Berpotensi Banjir
14.648006213624113,67.38021653690083,28.130647361145982,Tinggi,Banjir,Rendah,Berpotensi Banjir
4.359186037725673,20.61900080196083,18.757261278189752,Rendah,Waspada,Sangat Rendah,Tidak Berpotensi Banjir
14.254704078609654,54.60411496656154,83.5291595224064,Tinggi,Banjir,Sangat Tinggi,Berpotensi Banjir
29.41890746392697,61.561841602964655,58.68115737017527,Tinggi,Banjir,Sedang,Berpotensi Banjir
13.287484250208712,41.534297199056745,45.39476912004997,Tinggi,Siaga,Sedang,Berpotensi Banjir
25.856622607632453,34.65446262750095,50.188573304331335,Tinggi,Siaga,Sedang,Berpotensi Banjir
4.402151361312622,43.751989040650834,28.608556256926857,Rendah,Siaga,Rendah,Tidak Berpotensi Banjir
8.866310226094061,32.87263506042229,55.27575021274572,Sedang,Siaga,Sedang,Tidak Berpotensi Banjir
12.7099894793527,41.087602351019015,37.76403271094387,Tinggi,Siaga,Rendah,Berpotensi Banjir
12.594552060270592,32.1007068883721,17.930533178176127,Tinggi,Siaga,Sangat Rendah,Berpotensi Banjir
20.47012088143444,31.030531169118714,59.09445897388933,Tinggi,Siaga,Sedang,Berpotensi Banjir
10.996825693889722,50.19752042906944,33.64565123332908,Tinggi,Banjir,Rendah,Berpotensi Banjir
21.699239183890473,11.035328849417917,70.65597412054454,Tinggi,Waspada,Tinggi,Berpotensi Banjir
19.536420077536384,15.825234727373353,37.385546175857435,Tinggi,Waspada,Rendah,Tidak Berpotensi Banjir
12.57567321238842,60.327900661475255,45.74442375415767,Tinggi,Banjir,Sedang,Berpotensi Banjir
13.521043701975259,55.12002754298722,70.87198312628067,Tinggi,Banjir,Tinggi,Berpotensi Banjir
18.8213032944993,23.294492274135596,40.3090283627758,Tinggi,Waspada,Sedang,Tidak Berpotensi Banjir
3.0312235141946946,29.522480623274415,86.95990216117481,Rendah,Waspada,Sangat Tinggi,Tidak Berpotensi Banjir
24.849795412315018,65.19172293085123,71.37258004756005,Tinggi,Banjir,Tinggi,Berpotensi Banjir
19.94921367229547,58.17501963630098,74.37873647834807,Tinggi,Banjir,Tinggi,Berpotensi Banjir
22.06393146811722,44.932509498676005,85.85284200333548,Tinggi,Siaga,Sangat Tinggi,Berpotensi Banjir
16.570767031389323,19.396861622192255,34.99655659588867,Tinggi,Waspada,Rendah,Tidak Berpotensi Banjir
4.203836218760597,7.876378135492523,52.207223776395374,Rendah,Aman,Sedang,Tidak Berpotensi Banjir
12.746032785611547,33.031760044723384,62.423256671604314,Tinggi,Siaga,Tinggi,Berpotensi Banjir
12.755833902608126,48.720764051735024,60.61126351865677,Tinggi,Siaga,Tinggi,Berpotensi Banjir
10.31024671125329,58.851231883660354,85.76431151049177,Tinggi,Banjir,Sangat Tinggi,Berpotensi Banjir
1.8685594222377313,60.42478537324751,25.95137704905011,Rendah,Banjir,Rendah,Tidak Berpotensi Banjir
22.380373035297843,7.13043358406862,26.222537576339278,Tinggi,Aman,Rendah,Tidak Berpotensi Banjir
4.183749283812521,20.870207199397157,82.6203961835232,Rendah,Waspada,Sangat Tinggi,Tidak Berpotensi Banjir
18.58293585830747,27.041148251031196,71.93750775539037,Tinggi,Waspada,Tinggi,Berpotensi Banjir
21.393307397549258,17.267593712360082,18.302096166263798,Tinggi,Waspada,Sangat Rendah,Tidak Berpotensi Banjir
19.408803365077148,57.19339959364946,51.30421902834909,Tinggi,Banjir,Sedang,Berpotensi Banjir
28.815125307361274,54.885274600521264,67.11873606866953,Tinggi,Banjir,Tinggi,Berpotensi Banjir
3.99564649746902,38.5941476247631,31.77327514027582,Rendah,Siaga,Rendah,Tidak Berpotensi Banjir
26.147847614050775,68.89022106973061,39.094402609925105,Tinggi,Banjir,Rendah,Berpotensi Banjir
1.8465168106184844,14.363805170904747,51.78569504948037,Rendah,Waspada,Sedang,Tidak Berpotensi Banjir
16.512588792885435,63.47736071629848,42.03977017933895,Tinggi,Banjir,Sedang,Berpotensi Banjir
12.723064920238505,12.57011152052455,67.77381510621295,Tinggi,Waspada,Tinggi,Berpotensi Banjir
16.201331951418986,15.606810858417845,0.5344878314762758,Tinggi,Waspada,Sangat Rendah,Tidak Berpotensi Banjir
11.587896434740284,50.25424801629022,39.11692719519454,Tinggi,Banjir,Rendah,Berpotensi Banjir
6.526440533261973,12.122029982709805,30.38232377959844,Sedang,Waspada,Rendah,Tidak Berpotensi Banjir
1.5545640260120037,41.779931202216204,54.824764754684416,Rendah,Siaga,Sedang,Tidak Berpotensi Banjir
16.026344599944053,32.31517987072249,69.83625976932237,Tinggi,Siaga,Tinggi,Berpotensi Banjir
25.440529017860428,52.350807760165964,6.8530645981377205,Tinggi,Banjir,Sangat Rendah,Berpotensi Banjir
11.82326271659903,63.543890522576234,14.225376024107316,Tinggi,Banjir,Sangat Rendah,Berpotensi Banjir
7.463050722434427,55.0416484534886,59.857346172783,Sedang,Banjir,Sedang,Berpotensi Banjir
3.3354281006834783,60.22984196737724,66.45621969138753,Rendah,Banjir,Tinggi,Berpotensi Banjir
3.4740167704423977,7.141454154530105,52.938159937095186,Rendah,Aman,Sedang,Tidak Berpotensi Banjir
7.420496942490394,25.1627073858732,88.45230140711338,Sedang,Waspada,Sangat Tinggi,Berpotensi Banjir
3.9004077667251003,38.5031506346116,44.95153401959172,Rendah,Siaga,Sedang,Tidak Berpotensi Banjir
8.68615125256998,32.03696545093567,12.266310158787924,Sedang,Siaga,Sangat Rendah,Tidak Berpotensi Banjir
2.9183344013916868,20.03157194367975,61.7661954333972,Rendah,Waspada,Tinggi,Tidak Berpotensi Banjir
2.9025411490878437,25.011816367401515,54.18679699753183,Rendah,Waspada,Sedang,Tidak Berpotensi Banjir
25.832009209060676,66.45301307545438,53.13793275272371,Tinggi,Banjir,Sedang,Berpotensi Banjir
5.7014875605561635,24.12175719163785,49.12682717217584,Sedang,Waspada,Sedang,Tidak Berpotensi Banjir
17.23078976887999,28.003767161686074,84.5186138594585,Tinggi,Waspada,Sangat Tinggi,Berpotensi Banjir
23.430210789021885,5.241135293751214,11.62407571439022,Tinggi,Aman,Sangat Rendah,Tidak Berpotensi Banjir
14.235877394832933,59.93004577306184,6.587756867248053,Tinggi,Banjir,Sangat Rendah,Berpotensi Banjir
5.447697457921026,15.064645721102481,13.87054524395878,Sedang,Waspada,Sangat Rendah,Tidak Berpotensi Banjir
6.7882881214833155,18.269377908392194,22.04911889144554,Sedang,Waspada,Rendah,Tidak Berpotensi Banjir
13.556541982154242,21.592193610981663,53.36516874928222,Tinggi,Waspada,Sedang,Tidak Berpotensi Banjir
16.318788586177536,62.50043369491477,55.11827241870609,Tinggi,Banjir,Sedang,Berpotensi Banjir
11.133768469407512,18.419341731010455,20.934168971137584,Tinggi,Waspada,Rendah,Tidak Berpotensi Banjir
23.66290840680518,56.8392134564161,44.03029493798437,Tinggi,Banjir,Sedang,Berpotensi Banjir
22.779627816835553,57.52320712098879,43.385566749096135,Tinggi,Banjir,Sedang,Berpotensi Banjir
27.88914241382042,65.25633697111573,40.77996896567024,Tinggi,Banjir,Sedang,Berpotensi Banjir
1.8396239217818557,12.511485384020407,72.31907654213923,Rendah,Waspada,Tinggi,Tidak Berpotensi Banjir
26.9750474450959,19.123133201959035,42.45237628880687,Tinggi,Waspada,Sedang,Tidak Berpotensi Banjir
12.384494865402381,53.28838898524689,68.25289463605493,Tinggi,Banjir,Tinggi,Berpotensi Banjir
26.472802366019828,17.740049028248038,14.983301862431826,Tinggi,Waspada,Sangat Rendah,Tidak Berpotensi Banjir
21.032758508539356,23.611420546774188,47.87706096658512,Tinggi,Waspada,Sedang,Tidak Berpotensi Banjir
29.633113955145078,15.838202707238572,74.1694298456876,Tinggi,Waspada,Tinggi,Berpotensi Banjir
23.019191099783374,16.225284600078204,15.99449255246319,Tinggi,Waspada,Sangat Rendah,Tidak Berpotensi Banjir
11.571794153906811,36.30096805083337,41.84299518278961,Tinggi,Siaga,Sedang,Berpotensi Banjir
15.53083201220781,12.129399037342305,54.81713844321451,Tinggi,Waspada,Sedang,Tidak Berpotensi Banjir
11.915285500636186,25.910345200135446,16.62971173535586,Tinggi,Waspada,Sangat Rendah,Tidak Berpotensi Banjir
11.582443244615906,32.728604123927134,68.10890453202627,Tinggi,Siaga,Tinggi,Berpotensi Banjir
8.566230482050733,6.595627574058543,7.109662301668568,Sedang,Aman,Sangat Rendah,Tidak Berpotensi Banjir
15.383138565830619,30.24165582083942,85.17739580169469,Tinggi,Siaga,Sangat Tinggi,Berpotensi Banjir
20.770458407011475,11.117958345558602,42.13993447963222,Tinggi,Waspada,Sedang,Tidak Berpotensi Banjir
9.042867867852062,37.082604524501484,30.251077772892884,Sedang,Siaga,Rendah,Tidak Berpotensi Banjir
16.20701452123938,58.67298225621126,10.512630644637632,Tinggi,Banjir,Sangat Rendah,Berpotensi Banjir
4.404028530946158,58.19744054181617,38.93369787610782,Rendah,Banjir,Rendah,Tidak Berpotensi Banjir
5.635513318771547,10.229153509931034,59.38236264516946,Sedang,Waspada,Sedang,Tidak Berpotensi Banjir
2.3573842866534735,44.079804248843814,8.503855122814567,Rendah,Siaga,Sangat Rendah,Tidak Berpotensi Banjir
29.151211840348353,59.24811482813037,27.564218565097374,Tinggi,Banjir,Rendah,Berpotensi Banjir
1.1119501937975718,20.468215290751296,75.241582449544,Rendah,Waspada,Tinggi,Tidak Berpotensi Banjir
6.178819073672033,54.525223244223945,58.156292303849455,Sedang,Banjir,Sedang,Berpotensi Banjir
18.77313584039278,62.89968251925606,18.57357106718615,Tinggi,Banjir,Sangat Rendah,Berpotensi Banjir
3.3597183667458537,57.39806984362887,14.481881621378026,Rendah,Banjir,Sangat Rendah,Tidak Berpotensi Banjir
26.574998589808136,11.974567048507794,81.40365235808099,Tinggi,Waspada,Sangat Tinggi,Berpotensi Banjir
21.868984577426357,5.588899968955018,25.831819920688595,Tinggi,Aman,Rendah,Tidak Berpotensi Banjir
29.025309171698908,17.462067144919967,16.155015200876726,Tinggi,Waspada,Sangat Rendah,Tidak Berpotensi Banjir
15.721430869982182,22.58102716153051,89.99676166883421,Tinggi,Waspada,Sangat Tinggi,Berpotensi Banjir
9.711706811596128,45.05189439003737,27.82726450001153,Sedang,Siaga,Rendah,Tidak Berpotensi Banjir
16.935516611062873,29.977756390750695,11.226616902842732,Tinggi,Waspada,Sangat Rendah,Tidak Berpotensi Banjir
27.993742801641222,50.721456992995776,41.558186677765235,Tinggi,Banjir,Sedang,Berpotensi Banjir
16.102081680013953,27.94987243390456,39.09105991786339,Tinggi,Waspada,Rendah,Tidak Berpotensi Banjir
8.74900392400724,15.03765260254902,83.4122228247298,Sedang,Waspada,Sangat Tinggi,Berpotensi Banjir
26.44456488604947,25.32483982659228,12.078445272867427,Tinggi,Waspada,Sangat Rendah,Tidak Berpotensi Banjir
11.785643706861379,62.48107471529377,8.202276551637617,Tinggi,Banjir,Sangat Rendah,Berpotensi Banjir
1.0401171499709752,67.30460237592922,8.36808038160121,Rendah,Banjir,Sangat Rendah,Tidak Berpotensi Banjir
8.182865652277162,18.48832771437895,81.38587192400128,Sedang,Waspada,Sangat Tinggi,Berpotensi Banjir
10.228771766134809,56.25044515658869,40.44322601649694,Tinggi,Banjir,Sedang,Berpotensi Banjir
25.904546578725164,22.767667875091593,13.554587533970311,Tinggi,Waspada,Sangat Rendah,Tidak Berpotensi Banjir
14.296591844926905,62.66355032304149,53.44470885413615,Tinggi,Banjir,Sedang,Berpotensi Banjir
13.89303134652772,15.760464831756606,48.38610200857489,Tinggi,Waspada,Sedang,Tidak Berpotensi Banjir
10.746965725596734,48.2873947151137,17.856607297400938,Tinggi,Siaga,Sangat Rendah,Berpotensi Banjir
26.539665568365308,10.473732206356864,54.273432548373385,Tinggi,Waspada,Sedang,Tidak Berpotensi Banjir
28.40577653127135,68.30306605830151,30.6208110885251,Tinggi,Banjir,Rendah,Berpotensi Banjir
29.76481954548425,50.541167401635285,21.453369095778296,Tinggi,Banjir,Rendah,Berpotensi Banjir
11.925496741868615,59.71802306133054,45.93605498091253,Tinggi,Banjir,Sedang,Berpotensi Banjir
29.018275923187968,41.83350705859724,26.248433536474884,Tinggi,Siaga,Rendah,Berpotensi Banjir
23.964507519296138,35.99208865537591,19.99259295850919,Tinggi,Siaga,Sangat Rendah,Berpotensi Banjir
20.594985281683737,45.42235544063373,79.17501674697067,Tinggi,Siaga,Tinggi,Berpotensi Banjir
8.101794903182883,39.368198260464126,14.018631891607557,Sedang,Siaga,Sangat Rendah,Tidak Berpotensi Banjir
7.2772605673820845,35.50998308443494,25.253097955634924,Sedang,Siaga,Rendah,Tidak Berpotensi Banjir
5.815386911116124,54.36426634474678,34.752454186484314,Sedang,Banjir,Rendah,Tidak Berpotensi Banjir
27.759941696535595,16.583062071052428,24.627447927002056,Tinggi,Waspada,Rendah,Tidak Berpotensi Banjir
9.528223209111816,16.126183130085302,18.963957831999267,Sedang,Waspada,Sangat Rendah,Tidak Berpotensi Banjir
14.139733118017475,33.0697722922309,69.40314873491292,Tinggi,Siaga,Tinggi,Berpotensi Banjir
15.32477718562948,25.848614542921492,29.61145428512233,Tinggi,Waspada,Rendah,Tidak Berpotensi Banjir
23.56697626805737,9.818093664346566,10.12616619294046,Tinggi,Aman,Sangat Rendah,Tidak Berpotensi Banjir
25.4828138850377,59.89058200721774,48.68056462110262,Tinggi,Banjir,Sedang,Berpotensi Banjir
5.033108333309771,55.15418243513273,11.293964751276928,Sedang,Banjir,Sangat Rendah,Tidak Berpotensi Banjir
13.380226446121137,40.35489748719401,32.176764669683514,Tinggi,Siaga,Rendah,Berpotensi Banjir
25.442791747228256,68.65609492218398,79.36440860450554,Tinggi,Banjir,Tinggi,Berpotensi Banjir
24.722965866919314,9.719004325594344,33.224507559559775,Tinggi,Aman,Rendah,Tidak Berpotensi Banjir
3.9699989951200756,54.833504566811875,56.9258076859425,Rendah,Banjir,Sedang,Tidak Berpotensi Banjir
5.535117117170928,22.314075454591293,46.31629824077681,Sedang,Waspada,Sedang,Tidak Berpotensi Banjir
9.821762056382827,28.958929796332402,12.395236120017806,Sedang,Waspada,Sangat Rendah,Tidak Berpotensi Banjir
3.18541300341687,19.25316003819939,58.41626380117516,Rendah,Waspada,Sedang,Tidak Berpotensi Banjir
13.315227082377193,56.28746294502124,77.04314972404256,Tinggi,Banjir,Tinggi,Berpotensi Banjir
4.120913449337875,14.37560663140179,8.389122664080965,Rendah,Waspada,Sangat Rendah,Tidak Berpotensi Banjir
17.478310216425506,59.60108535279307,67.83120802168123,Tinggi,Banjir,Tinggi,Berpotensi Banjir
8.150151254523529,48.002547134939206,62.11901533670803,Sedang,Siaga,Tinggi,Berpotensi Banjir
18.296558895139057,8.836510942492458,77.99945174974313,Tinggi,Aman,Tinggi,Berpotensi Banjir
4.408243644205491,57.71381255400997,9.36827389201203,Rendah,Banjir,Sangat Rendah,Tidak Berpotensi Banjir
29.300632184137466,45.80412155059366,27.51258414570109,Tinggi,Siaga,Rendah,Berpotensi Banjir
28.04427491186287,63.8238507725922,62.48623385037367,Tinggi,Banjir,Tinggi,Berpotensi Banjir
12.362111218375308,53.666949916561485,1.9816180997985222,Tinggi,Banjir,Sangat Rendah,Berpotensi Banjir
8.023179229656478,41.472860282935365,66.06681099574398,Sedang,Siaga,Tinggi,Berpotensi Banjir
8.26154817275361,59.375566740247855,77.21807211010089,Sedang,Banjir,Tinggi,Berpotensi Banjir
15.018412520869369,23.073265489579438,40.79736471390818,Tinggi,Waspada,Sedang,Tidak Berpotensi Banjir
2.1597912551207923,40.551754019896634,39.08969130839869,Rendah,Siaga,Rendah,Tidak Berpotensi Banjir
19.551448076178684,24.08509328722166,25.06220658624294,Tinggi,Waspada,Rendah,Tidak Berpotensi Banjir
12.840784341852599,67.93328542088307,0.45466830045786,Tinggi,Banjir,Sangat Rendah,Berpotensi Banjir
11.944790605077733,19.702759554730413,16.767316499972043,Tinggi,Waspada,Sangat Rendah,Tidak Berpotensi Banjir
24.471584173186752,6.022985578580062,88.1877706580134,Tinggi,Aman,Sangat Tinggi,Berpotensi Banjir
21.56202834531541,26.180564730246754,78.05574694092209,Tinggi,Waspada,Tinggi,Berpotensi Banjir
28.67568064638807,37.663110803037306,23.985417487402923,Tinggi,Siaga,Rendah,Berpotensi Banjir
11.206150974375031,6.84359072495488,86.73739714089417,Tinggi,Aman,Sangat Tinggi,Berpotensi Banjir
27.02874017483276,41.35113950220398,33.09413543579573,Tinggi,Siaga,Rendah,Berpotensi Banjir
23.329048401252578,61.828380371829965,26.782683727606205,Tinggi,Banjir,Rendah,Berpotensi Banjir
11.365314896246678,50.80759263708356,13.752687190489667,Tinggi,Banjir,Sangat Rendah,Berpotensi Banjir
19.028297657144474,45.49294099358978,81.14499625596066,Tinggi,Siaga,Sangat Tinggi,Berpotensi Banjir
9.368528771899172,67.13751379603633,88.82932419601734,Sedang,Banjir,Sangat Tinggi,Berpotensi Banjir
26.35759759517043,67.28815669973687,29.467026364741418,Tinggi,Banjir,Rendah,Berpotensi Banjir
4.260392199157026,58.577320530709855,63.30873810225842,Rendah,Banjir,Tinggi,Berpotensi Banjir
7.16059647752719,44.50322008008032,30.177306882859916,Sedang,Siaga,Rendah,Tidak Berpotensi Banjir
6.307965470317713,36.704696367350934,9.449166537490969,Sedang,Siaga,Sangat Rendah,Tidak Berpotensi Banjir
12.68775406972437,5.865547361020375,35.342307619409155,Tinggi,Aman,Rendah,Tidak Berpotensi Banjir
22.611755840931746,44.40702390472519,49.64129646850584,Tinggi,Siaga,Sedang,Berpotensi Banjir
16.28031602251323,69.29072489819549,11.071508325884482,Tinggi,Banjir,Sangat Rendah,Berpotensi Banjir
15.142613382608019,58.17656825156188,73.6445497310785,Tinggi,Banjir,Tinggi,Berpotensi Banjir
1.015832982012874,27.139301852482877,44.76268052039605,Rendah,Waspada,Sedang,Tidak Berpotensi Banjir
13.336650035296588,14.88305662788743,21.094465725411567,Tinggi,Waspada,Rendah,Tidak Berpotensi Banjir
2.8430594702485945,55.96380994036502,53.3483620688649,Rendah,Banjir,Sedang,Tidak Berpotensi Banjir
7.039344311523031,53.3559583410632,71.39333754489618,Sedang,Banjir,Tinggi,Berpotensi Banjir
28.039424229854337,67.85804147865599,29.486191414677823,Tinggi,Banjir,Rendah,Berpotensi Banjir
7.246547925953908,61.86475352605702,63.13286919605349,Sedang,Banjir,Tinggi,Berpotensi Banjir
25.89179152039361,41.11807064270648,38.50732619826186,Tinggi,Siaga,Rendah,Berpotensi Banjir
24.283907775278692,11.583476052708239,86.76460519610409,Tinggi,Waspada,Sangat Tinggi,Berpotensi Banjir
5.615240871325042,36.427542794957404,69.38460779424585,Sedang,Siaga,Tinggi,Berpotensi Banjir
18.565646760838085,25.390178511450607,32.071581226981884,Tinggi,Waspada,Rendah,Tidak Berpotensi Banjir
4.354194285245386,38.306551331614585,1.5973163155585868,Rendah,Siaga,Sangat Rendah,Tidak Berpotensi Banjir
22.10875659271583,24.61060235157746,59.17679058423852,Tinggi,Waspada,Sedang,Tidak Berpotensi Banjir
19.48640604379399,61.01849447841372,17.808494272636707,Tinggi,Banjir,Sangat Rendah,Berpotensi Banjir
24.546218289039558,59.88125590888344,10.969125808421948,Tinggi,Banjir,Sangat Rendah,Berpotensi Banjir
14.902151932286454,25.505235215858633,83.85988062571144,Tinggi,Waspada,Sangat Tinggi,Berpotensi Banjir
27.531029547168103,43.97278751430967,89.99540731934252,Tinggi,Siaga,Sangat Tinggi,Berpotensi Banjir
2.4311194568647516,32.961755746538515,24.289993850794662,Rendah,Siaga,Rendah,Tidak Berpotensi Banjir
9.493768385783426,64.0910292068566,27.15916969493442,Sedang,Banjir,Rendah,Tidak Berpotensi Banjir
21.736525326489843,17.17845859271098,14.849004531435185,Tinggi,Waspada,Sangat Rendah,Tidak Berpotensi Banjir
13.125167140692025,50.35234611602235,41.19162983366614,Tinggi,Banjir,Sedang,Berpotensi Banjir
6.015589273863535,68.07439630941909,77.92593838521728,Sedang,Banjir,Tinggi,Berpotensi Banjir
4.109111617427835,16.39290877160086,63.135535691239,Rendah,Waspada,Tinggi,Tidak Berpotensi Banjir
24.702834232387023,18.12781784757321,76.16984022689289,Tinggi,Waspada,Tinggi,Berpotensi Banjir
14.721146375503682,50.092017013694814,20.563349010622243,Tinggi,Banjir,Rendah,Berpotensi Banjir
26.586226485654116,55.645005094119405,65.74104606676322,Tinggi,Banjir,Tinggi,Berpotensi Banjir
22.265384895185054,36.88568856160563,82.66739655564542,Tinggi,Siaga,Sangat Tinggi,Berpotensi Banjir
12.882059963291564,44.629620234562886,25.327450279295135,Tinggi,Siaga,Rendah,Berpotensi Banjir
11.831819410514827,18.82435657276887,62.15881892320666,Tinggi,Waspada,Tinggi,Berpotensi Banjir
15.9535120528863,35.979924856876195,36.059167052086906,Tinggi,Siaga,Rendah,Berpotensi Banjir
26.78273864250213,12.284672256869484,26.120398064303036,Tinggi,Waspada,Rendah,Tidak Berpotensi Banjir
22.381078811710868,25.892425142918206,87.26611218789145,Tinggi,Waspada,Sangat Tinggi,Berpotensi Banjir
1.1494359638016736,23.510680827012028,31.376990697146343,Rendah,Waspada,Rendah,Tidak Berpotensi Banjir
21.13057768970464,33.900648406657304,9.706471313461854,Tinggi,Siaga,Sangat Rendah,Berpotensi Banjir
27.6657148002688,65.4582135458403,34.9730288658302,Tinggi,Banjir,Rendah,Berpotensi Banjir
21.603217025630254,16.782398039609756,40.29104618639841,Tinggi,Waspada,Sedang,Tidak Berpotensi Banjir
6.133167665457382,31.09023603060683,67.69897429493142,Sedang,Siaga,Tinggi,Berpotensi Banjir
15.022025695396302,45.01381924212691,85.49228402523025,Tinggi,Siaga,Sangat Tinggi,Berpotensi Banjir
5.069164519779163,66.52621059481011,73.53512854147914,Sedang,Banjir,Tinggi,Berpotensi Banjir
11.410863071849331,13.654632449824932,83.78471801295954,Tinggi,Waspada,Sangat Tinggi,Berpotensi Banjir
28.176394216275014,64.66198010455238,42.755411697743796,Tinggi,Banjir,Sedang,Berpotensi Banjir
27.77585391920254,10.268496261214,64.73849114127908,Tinggi,Waspada,Tinggi,Berpotensi Banjir
9.202268713106404,36.24819081541719,27.81446265111622,Sedang,Siaga,Rendah,Tidak Berpotensi Banjir
10.849300280819776,34.54834136998138,6.262839766711616,Tinggi,Siaga,Sangat Rendah,Berpotensi Banjir
18.406173175807524,18.62417737701771,32.89261727933942,Tinggi,Waspada,Rendah,Tidak Berpotensi Banjir
28.93272156255102,27.584878427530086,62.81237054954679,Tinggi,Waspada,Tinggi,Berpotensi Banjir
5.286238687896322,34.520742442645876,24.715989922323935,Sedang,Siaga,Rendah,Tidak Berpotensi Banjir
8.450582666913405,61.2387450891909,77.52653060773689,Sedang,Banjir,Tinggi,Berpotensi Banjir
26.333147991432373,67.07916944928138,71.16955649846116,Tinggi,Banjir,Tinggi,Berpotensi Banjir
15.264874719541991,38.73016911141574,17.463829426614264,Tinggi,Siaga,Sangat Rendah,Berpotensi Banjir
27.06987167458392,61.556486369137424,29.775308624172606,Tinggi,Banjir,Rendah,Berpotensi Banjir
6.380019028172112,44.53115306899066,74.27723557941826,Sedang,Siaga,Tinggi,Berpotensi Banjir
16.44738903666946,27.690677229198904,21.95440105601695,Tinggi,Waspada,Rendah,Tidak Berpotensi Banjir
10.461819346831799,17.62262349487549,29.844193110041758,Tinggi,Waspada,Rendah,Tidak Berpotensi Banjir
10.179734236881805,31.853760165879713,30.876023918077806,Tinggi,Siaga,Rendah,Berpotensi Banjir
13.959431954439776,38.983578390050106,72.09378250431901,Tinggi,Siaga,Tinggi,Berpotensi Banjir
13.559246023936785,7.888820236871152,3.332723904451509,Tinggi,Aman,Sangat Rendah,Tidak Berpotensi Banjir
11.363059510660678,14.479675781605296,6.640828480927286,Tinggi,Waspada,Sangat Rendah,Tidak Berpotensi Banjir
27.53415233915294,44.0119875587936,52.06063933466438,Tinggi,Siaga,Sedang,Berpotensi Banjir
22.22058137755389,19.625103654015533,35.740079189645996,Tinggi,Waspada,Rendah,Tidak Berpotensi Banjir
22.098862748614362,59.42621444528434,56.959678764963684,Tinggi,Banjir,Sedang,Berpotensi Banjir
9.407490038166706,26.25124623532239,23.981514856144457,Sedang,Waspada,Rendah,Tidak Berpotensi Banjir
17.75357330518837,11.814223471461307,81.86244097334047,Tinggi,Waspada,Sangat Tinggi,Berpotensi Banjir
23.596203565753186,10.429488256095606,68.48476984570105,Tinggi,Waspada,Tinggi,Berpotensi Banjir
24.07212068775318,65.91299633456568,6.097159849535643,Tinggi,Banjir,Sangat Rendah,Berpotensi Banjir
10.991383361875055,12.671320230722145,70.55149295565307,Tinggi,Waspada,Tinggi,Berpotensi Banjir
23.355309940490788,14.159134670533902,87.26241350810261,Tinggi,Waspada,Sangat Tinggi,Berpotensi Banjir
22.340923007424255,61.07329376562895,84.81920585287257,Tinggi,Banjir,Sangat Tinggi,Berpotensi Banjir
5.103688083035108,21.52872846802736,66.1935418222903,Sedang,Waspada,Tinggi,Berpotensi Banjir
26.11241858842784,48.28684169903705,11.123437813309403,Tinggi,Siaga,Sangat Rendah,Berpotensi Banjir
13.798322635231912,58.08716965694294,51.84690892564087,Tinggi,Banjir,Sedang,Berpotensi Banjir
15.105903017771299,44.46674160846249,25.58094559564399,Tinggi,Siaga,Rendah,Berpotensi Banjir
14.002706188041923,67.23675532411022,87.31916492726225,Tinggi,Banjir,Sangat Tinggi,Berpotensi Banjir
17.467534042847717,51.07738845195469,64.57371528254484,Tinggi,Banjir,Tinggi,Berpotensi Banjir
19.013908173644587,12.328848143737792,54.96890308086773,Tinggi,Waspada,Sedang,Tidak Berpotensi Banjir
15.44720740712536,41.29665172548219,62.55792383442536,Tinggi,Siaga,Tinggi,Berpotensi Banjir
26.136867754513773,51.68212419579695,39.41812161987124,Tinggi,Banjir,Rendah,Berpotensi Banjir
19.204307929663248,57.12722062427394,33.5463076293846,Tinggi,Banjir,Rendah,Berpotensi Banjir
12.641410529860078,6.710886793465949,84.22196214959678,Tinggi,Aman,Sangat Tinggi,Berpotensi Banjir
13.084060950352619,51.72712949264259,29.873442131341797,Tinggi,Banjir,Rendah,Berpotensi Banjir
24.514319838739592,58.669253366264215,3.7292518559447387,Tinggi,Banjir,Sangat Rendah,Berpotensi Banjir
11.097566339649083,53.54419771079817,36.07561387390117,Tinggi,Banjir,Rendah,Berpotensi Banjir
7.132189077689993,38.302694467613875,71.1306317359505,Sedang,Siaga,Tinggi,Berpotensi Banjir
2.7221124521678877,34.77136260077219,58.36215222440275,Rendah,Siaga,Sedang,Tidak Berpotensi Banjir
26.40477858969665,40.71220791448803,86.59536979300871,Tinggi,Siaga,Sangat Tinggi,Berpotensi Banjir
27.63784708452015,50.80184042372913,9.558168085722388,Tinggi,Banjir,Sangat Rendah,Berpotensi Banjir
4.483485282740803,64.98942889111154,82.0391672006445,Rendah,Banjir,Sangat Tinggi,Berpotensi Banjir
10.699738503387332,45.107288691673126,33.19642745226559,Tinggi,Siaga,Rendah,Berpotensi Banjir
6.085790015942072,62.70922990842553,42.66023268797211,Sedang,Banjir,Sedang,Berpotensi Banjir
4.361055595950512,50.58169508397228,38.5633939040311,Rendah,Banjir,Rendah,Tidak Berpotensi Banjir
27.096135547000877,9.441864533525091,10.480705298319728,Tinggi,Aman,Sangat Rendah,Tidak Berpotensi Banjir
2.6494405152153084,37.55383235010542,22.301681015266983,Rendah,Siaga,Rendah,Tidak Berpotensi Banjir
29.434084240601198,23.621612640490753,66.80444123068128,Tinggi,Waspada,Tinggi,Berpotensi Banjir
3.7970749602241414,23.5363703286172,2.070678766112568,Rendah,Waspada,Sangat Rendah,Tidak Berpotensi Banjir
26.040648826613985,28.135290829038972,12.049899694764708,Tinggi,Waspada,Sangat Rendah,Tidak Berpotensi Banjir
17.428677102685718,25.457630180030925,2.268915191221507,Tinggi,Waspada,Sangat Rendah,Tidak Berpotensi Banjir
11.669607146718327,42.60964870761151,77.16492515911942,Tinggi,Siaga,Tinggi,Berpotensi Banjir
10.927928922129578,49.434097522981205,55.55923450036017,Tinggi,Siaga,Sedang,Berpotensi Banjir
22.963560153893553,22.468710159987804,15.293579590670296,Tinggi,Waspada,Sangat Rendah,Tidak Berpotensi Banjir
10.12262555512433,13.434570466944788,69.18950007483782,Tinggi,Waspada,Tinggi,Berpotensi Banjir
20.062248581897112,8.822566860740036,87.01205377063984,Tinggi,Aman,Sangat Tinggi,Berpotensi Banjir
16.002456421966322,42.42393492698589,84.11043370770163,Tinggi,Siaga,Sangat Tinggi,Berpotensi Banjir
15.064003709584044,17.098460811645154,82.93927930309488,Tinggi,Waspada,Sangat Tinggi,Berpotensi Banjir
27.133702948825686,5.601119624540459,0.7029193865168903,Tinggi,Aman,Sangat Rendah,Tidak Berpotensi Banjir
17.084706699987528,65.30395015604077,53.01121400867507,Tinggi,Banjir,Sedang,Berpotensi Banjir
24.978986488412154,39.91412724041064,23.096935497512632,Tinggi,Siaga,Rendah,Berpotensi Banjir
22.041632488943193,11.00913171605323,50.81824928788729,Tinggi,Waspada,Sedang,Tidak Berpotensi Banjir
2.1181601357109523,59.789872288286546,28.622726024449918,Rendah,Banjir,Rendah,Tidak Berpotensi Banjir
23.420191522657156,68.90817798885767,13.829988849535134,Tinggi,Banjir,Sangat Rendah,Berpotensi Banjir
7.289237252640179,34.15904303115162,40.0044351022512,Sedang,Siaga,Sedang,Tidak Berpotensi Banjir
27.191339758695573,7.761824535480281,44.558669445873605,Tinggi,Aman,Sedang,Tidak Berpotensi Banjir
2.2448015276561284,12.640486149144127,89.0788956162862,Rendah,Waspada,Sangat Tinggi,Tidak Berpotensi Banjir
10.659088999755244,29.807493531953092,3.81490957246861,Tinggi,Waspada,Sangat Rendah,Tidak Berpotensi Banjir
3.8922554698078664,62.55897143417701,27.103967900754895,Rendah,Banjir,Rendah,Tidak Berpotensi Banjir
14.792084395460469,14.622514153054533,76.67044605794904,Tinggi,Waspada,Tinggi,Berpotensi Banjir
24.780650640222802,58.55935611017521,59.37259483134385,Tinggi,Banjir,Sedang,Berpotensi Banjir
9.647433430228858,5.973456914236263,74.40147286613063,Sedang,Aman,Tinggi,Tidak Berpotensi Banjir
5.377112022020206,34.73026542107772,59.42618267038001,Sedang,Siaga,Sedang,Tidak Berpotensi Banjir
10.577744035210076,46.885814161786925,68.35826782315196,Tinggi,Siaga,Tinggi,Berpotensi Banjir
24.602524115698444,8.924666331663765,44.36295749973516,Tinggi,Aman,Sedang,Tidak Berpotensi Banjir
5.07113477618106,44.95957879007163,18.438992360783775,Sedang,Siaga,Sangat Rendah,Tidak Berpotensi Banjir
7.593511023247553,66.38626789552114,72.90034747534798,Sedang,Banjir,Tinggi,Berpotensi Banjir
2.9967069703078444,15.416894808878679,51.10385891975722,Rendah,Waspada,Sedang,Tidak Berpotensi Banjir
21.46559127569862,52.42473989729793,12.555467440814672,Tinggi,Banjir,Sangat Rendah,Berpotensi Banjir
12.461764062553767,44.59110336633032,72.44046241837795,Tinggi,Siaga,Tinggi,Berpotensi Banjir
10.014359337156165,17.032565277149985,86.27273193263204,Tinggi,Waspada,Sangat Tinggi,Berpotensi Banjir
21.840165319893405,5.4032219561087915,31.154748536561925,Tinggi,Aman,Rendah,Tidak Berpotensi Banjir
10.743348727867401,5.60348928288526,26.416102687779915,Tinggi,Aman,Rendah,Tidak Berpotensi Banjir
22.105366923218124,39.58600659618186,7.359766038680947,Tinggi,Siaga,Sangat Rendah,Berpotensi Banjir
24.64078246411509,66.28066162147758,59.8042103804474,Tinggi,Banjir,Sedang,Berpotensi Banjir
7.312222460274415,46.8794107852648,86.3065456646847,Sedang,Siaga,Sangat Tinggi,Berpotensi Banjir
29.240742208533515,51.429490009093335,12.239342099244686,Tinggi,Banjir,Sangat Rendah,Berpotensi Banjir
5.708380489467337,37.10125664983491,43.664366818738394,Sedang,Siaga,Sedang,Tidak Berpotensi Banjir
9.434386293045534,42.82278127124704,8.841436618792306,Sedang,Siaga,Sangat Rendah,Tidak Berpotensi Banjir
6.214063434172707,13.213889146489226,3.0698913338834233,Sedang,Waspada,Sangat Rendah,Tidak Berpotensi Banjir
11.0196640343337,61.993340326041,59.80509456008809,Tinggi,Banjir,Sedang,Berpotensi Banjir
14.921765746801913,54.45152086334212,78.09184578091481,Tinggi,Banjir,Tinggi,Berpotensi Banjir
16.143100201061454,69.88293193489962,30.381348251342676,Tinggi,Banjir,Rendah,Berpotensi Banjir
25.75457522659189,24.351991591115386,78.81886569690893,Tinggi,Waspada,Tinggi,Berpotensi Banjir
26.79398935566013,19.75615516674376,10.53477892359287,Tinggi,Waspada,Sangat Rendah,Tidak Berpotensi Banjir
7.383011962646285,13.13550776748729,21.416461372572858,Sedang,Waspada,Rendah,Tidak Berpotensi Banjir
19.06392693338682,67.67363418004291,81.14460542160467,Tinggi,Banjir,Sangat Tinggi,Berpotensi Banjir
4.233385661662752,55.757537000821536,45.76589043216032,Rendah,Banjir,Sedang,Tidak Berpotensi Banjir
14.310125945279982,15.811099891776514,54.73731454173217,Tinggi,Waspada,Sedang,Tidak Berpotensi Banjir
10.347672603351926,40.924620622033906,3.4216409288257124,Tinggi,Siaga,Sangat Rendah,Berpotensi Banjir
10.178521618154585,31.89493352437299,11.555091913310003,Tinggi,Siaga,Sangat Rendah,Berpotensi Banjir
14.99494300965093,14.846590507402533,5.021173125076785,Tinggi,Waspada,Sangat Rendah,Tidak Berpotensi Banjir
22.16500143034876,15.534744026947756,81.45006659547023,Tinggi,Waspada,Sangat Tinggi,Berpotensi Banjir
3.0062971049792955,67.62554965843707,12.131546748385233,Rendah,Banjir,Sangat Rendah,Tidak Berpotensi Banjir
26.496026792934728,24.822671892251943,76.47055439478791,Tinggi,Waspada,Tinggi,Berpotensi Banjir
22.309599464286272,66.19355395945631,31.593122943520783,Tinggi,Banjir,Rendah,Berpotensi Banjir
6.118482277782744,9.914693749230487,72.0537746729202,Sedang,Aman,Tinggi,Tidak Berpotensi Banjir
28.235666363533742,34.95219774905739,32.853919271107266,Tinggi,Siaga,Rendah,Berpotensi Banjir
15.68305449667827,13.425238153589406,24.091563572358883,Tinggi,Waspada,Rendah,Tidak Berpotensi Banjir
29.994448765391994,5.3111800406761915,8.42946310701515,Tinggi,Aman,Sangat Rendah,Tidak Berpotensi Banjir
6.720524754721392,40.99479479089498,25.263593151672033,Sedang,Siaga,Rendah,Tidak Berpotensi Banjir
16.51233775311284,12.403116812738622,42.4331745045552,Tinggi,Waspada,Sedang,Tidak Berpotensi Banjir
9.417193234237924,51.93159451068918,73.5757919007116,Sedang,Banjir,Tinggi,Berpotensi Banjir
9.821033164288151,50.377564420948474,40.726345929182806,Sedang,Banjir,Sedang,Berpotensi Banjir
18.140896044185716,16.461638985191797,87.42920174438557,Tinggi,Waspada,Sangat Tinggi,Berpotensi Banjir
27.729852939254165,66.21323931225858,48.746970976934065,Tinggi,Banjir,Sedang,Berpotensi Banjir
24.352651811796076,51.86782154811183,2.2451066830299093,Tinggi,Banjir,Sangat Rendah,Berpotensi Banjir
21.99430055653845,24.368067170200447,37.38305701721452,Tinggi,Waspada,Rendah,Tidak Berpotensi Banjir
17.216039680949365,51.10019465680139,62.00091966478624,Tinggi,Banjir,Tinggi,Berpotensi Banjir
27.746656606355984,52.575468049299836,21.08624816248423,Tinggi,Banjir,Rendah,Berpotensi Banjir
15.278480794035639,27.244711531312436,62.876695576334285,Tinggi,Waspada,Tinggi,Berpotensi Banjir
26.341133171706826,29.41325655999485,45.33275746633646,Tinggi,Waspada,Sedang,Tidak Berpotensi Banjir
25.18546767242232,28.341922997464508,2.316399802480377,Tinggi,Waspada,Sangat Rendah,Tidak Berpotensi Banjir
7.20122505724601,45.08019883088481,69.69176545321851,Sedang,Siaga,Tinggi,Berpotensi Banjir
23.365538426011398,63.52665952511166,50.43363334326676,Tinggi,Banjir,Sedang,Berpotensi Banjir
1.3529635513545042,16.257560354858196,7.4244152772984044,Rendah,Waspada,Sangat Rendah,Tidak Berpotensi Banjir
10.362056588894538,61.88797463936069,42.769263011604565,Tinggi,Banjir,Sedang,Berpotensi Banjir
7.657455896066544,6.797455172847263,25.8563593597272,Sedang,Aman,Rendah,Tidak Berpotensi Banjir
15.69902579613209,47.92200873858446,79.17133883291397,Tinggi,Siaga,Tinggi,Berpotensi Banjir
22.36874168874278,31.938526757330123,25.643434752652386,Tinggi,Siaga,Rendah,Berpotensi Banjir
3.8326146559839995,56.43330089511209,84.7518363876779,Rendah,Banjir,Sangat Tinggi,Berpotensi Banjir
15.932743856166283,51.87787734050869,49.151947441240125,Tinggi,Banjir,Sedang,Berpotensi Banjir
28.213948629137185,36.207007464436956,29.12523385920492,Tinggi,Siaga,Rendah,Berpotensi Banjir
7.63074997850542,46.85116238696879,73.21905156758196,Sedang,Siaga,Tinggi,Berpotensi Banjir
20.6370931792313,37.61525349549644,62.766034052918926,Tinggi,Siaga,Tinggi,Berpotensi Banjir
